HP1111,1012920151101,HEAVY PRESSURE PLUMBING PIPES -15KG (1)
HP1112,1012925151100,HEAVY PRESSURE PLUMBING PIPES -15KG (1)
HP1113,1012932151101,HEAVY PRESSURE PLUMBING PIPES -15KG (1)
HP1114,1012940151101,HEAVY PRESSURE PLUMBING PIPES -15KG (1)
HP1115,1012940151100,HEAVY PRESSURE PLUMBING PIPES -15KG (1)
HP1116,1012950151102,HEAVY PRESSURE PLUMBING PIPES -15KG (1)
,,
AS1111,1010920101102,PVC - U RIGID AGRI PLAIN PIPE
AS1112,1010920101100,PVC - U RIGID AGRI PLAIN PIPE
AS1113,1010920101101,PVC - U RIGID AGRI PLAIN PIPE
AS1114,1010925121100,PVC - U RIGID AGRI PLAIN PIPE
AS1115,1010932121100,PVC - U RIGID AGRI PLAIN PIPE
,,
AS1116,1011925981100,PVC - U AGRI SELFIT PIPE
AS1117,1011925981101,PVC - U AGRI SELFIT PIPE
AS1118,1011925981102,PVC - U AGRI SELFIT PIPE
AS1119,1011925101100,PVC - U AGRI SELFIT PIPE
AS1122,1011925101102,PVC - U AGRI SELFIT PIPE
AS1123,1011925101101,PVC - U AGRI SELFIT PIPE
AS1124,1011932981100,PVC - U AGRI SELFIT PIPE
AS1125,1011932981101,PVC - U AGRI SELFIT PIPE
AS1126,1011932981102,PVC - U AGRI SELFIT PIPE
AS1127,1011932101102,PVC - U AGRI SELFIT PIPE
AS1128,1011932101100,PVC - U AGRI SELFIT PIPE
AS1129,1011932101101,PVC - U AGRI SELFIT PIPE
AS1133,1011940961102,PVC - U AGRI SELFIT PIPE
AS1134,1011940961100,PVC - U AGRI SELFIT PIPE
AS1135,1011940961101,PVC - U AGRI SELFIT PIPE
AS1136,1011940101101,PVC - U AGRI SELFIT PIPE
AS1147,1011940101102,PVC - U AGRI SELFIT PIPE
AS1137,1011940101100,PVC - U AGRI SELFIT PIPE
AS1138,1011950961102,PVC - U AGRI SELFIT PIPE
AS1139,1011950961100,PVC - U AGRI SELFIT PIPE
AS1144,1011950961101,PVC - U AGRI SELFIT PIPE
AS1145,1011950101101,PVC - U AGRI SELFIT PIPE
AS1148,1011950101102,PVC - U AGRI SELFIT PIPE
AS1146,1011950101100,PVC - U AGRI SELFIT PIPE
AM1111,1011963941106,PVC - U AGRI SELFIT PIPE
AM1112,1011963941101,PVC - U AGRI SELFIT PIPE
AM1113,1011963941104,PVC - U AGRI SELFIT PIPE
AM1114,1011963961103,PVC - U AGRI SELFIT PIPE
AM1145,1011963961100,PVC - U AGRI SELFIT PIPE
AM1155,1011963961101,PVC - U AGRI SELFIT PIPE
AM1115,1011963101100,PVC - U AGRI SELFIT PIPE
AM1149,1011963101102,PVC - U AGRI SELFIT PIPE
AM1116,1011975941101,PVC - U AGRI SELFIT PIPE
AM1117,1011975941103,PVC - U AGRI SELFIT PIPE
AM1118,1011975961100,PVC - U AGRI SELFIT PIPE
AM1146,1011975961102,PVC - U AGRI SELFIT PIPE
AM1119,1011975101100,PVC - U AGRI SELFIT PIPE
AM1122,1011990941100,PVC - U AGRI SELFIT PIPE
AM1123,1011990921101,PVC - U AGRI SELFIT PIPE
AM1124,1011990941103,PVC - U AGRI SELFIT PIPE
AM1125,1011990961101,PVC - U AGRI SELFIT PIPE
AM1126,1011990101100,PVC - U AGRI SELFIT PIPE
AM1127,1011110961106,PVC - U AGRI SELFIT PIPE
AM1128,1011110921101,PVC - U AGRI SELFIT PIPE
AM1129,1011110941100,PVC - U AGRI SELFIT PIPE
AM1133,1011110921102,PVC - U AGRI SELFIT PIPE
AM1134,1011110941102,PVC - U AGRI SELFIT PIPE
AM1135,1011110961102,PVC - U AGRI SELFIT PIPE
AM1136,1011110981100,PVC - U AGRI SELFIT PIPE
AM1137,1011110101100,PVC - U AGRI SELFIT PIPE
,,
AM1138,1011975961101,PVC - U AGRI SELFIT (SLOTTED) PIPE
AM1139,1011110961105,PVC - U AGRI SELFIT (SLOTTED) PIPE
AM1144,1011110101102,PVC - U AGRI SELFIT (SLOTTED) PIPE
,,
AH1111,1011125961100,PVC - U AGRI SELFIT PIPE
AH1112,1011140941103,PVC - U AGRI SELFIT PIPE
AH1113,1011140961100,PVC - U AGRI SELFIT PIPE
AH1114,1011140921100,PVC - U AGRI SELFIT PIPE
AH1115,1011140941101,PVC - U AGRI SELFIT PIPE
AH1116,1011140961101,PVC - U AGRI SELFIT PIPE
AH1117,1011140981100,PVC - U AGRI SELFIT PIPE
AH1118,1011140101100,PVC - U AGRI SELFIT PIPE
AH1119,1011160941102,PVC - U AGRI SELFIT PIPE
AH1122,1011160961105,PVC - U AGRI SELFIT PIPE
AH1267,1011160921100,PVC - U AGRI SELFIT PIPE
AH1123,1011160921101,PVC - U AGRI SELFIT PIPE
AH1124,1011160941101,PVC - U AGRI SELFIT PIPE
AH1125,1011160961102,PVC - U AGRI SELFIT PIPE
AH1126,1011160981100,PVC - U AGRI SELFIT PIPE
AH1127,1011160101100,PVC - U AGRI SELFIT PIPE
AH1128,1011180961100,PVC - U AGRI SELFIT PIPE
AH1129,1011180981101,PVC - U AGRI SELFIT PIPE
AH1133,1011180921100,PVC - U AGRI SELFIT PIPE
AH1134,1011180941101,PVC - U AGRI SELFIT PIPE
AH1135,1011180961103,PVC - U AGRI SELFIT PIPE
AH1136,1011180981100,PVC - U AGRI SELFIT PIPE
AH1137,1011180101100,PVC - U AGRI SELFIT PIPE
AH1138,1011200941103,PVC - U AGRI SELFIT PIPE
AH1139,1011200961105,PVC - U AGRI SELFIT PIPE
AH1144,1011200921100,PVC - U AGRI SELFIT PIPE
AH1268,1011200921101,PVC - U AGRI SELFIT PIPE
AH1145,1011200941100,PVC - U AGRI SELFIT PIPE
AH1146,1011200961102,PVC - U AGRI SELFIT PIPE
AH1147,1011200981100,PVC - U AGRI SELFIT PIPE
AH1148,1011200101100,PVC - U AGRI SELFIT PIPE
AH1149,1011225921100,PVC - U AGRI SELFIT PIPE
AH1155,1011225941100,PVC - U AGRI SELFIT PIPE
AH1156,1011225961100,PVC - U AGRI SELFIT PIPE
AH1157,1011225981100,PVC - U AGRI SELFIT PIPE
AH1158,1011225101100,PVC - U AGRI SELFIT PIPE
AH1159,1011250921100,PVC - U AGRI SELFIT PIPE
AH1166,1011250941100,PVC - U AGRI SELFIT PIPE
AH1269,1011250941101,PVC - U AGRI SELFIT PIPE
AH1167,1011250961100,PVC - U AGRI SELFIT PIPE
AH1168,1011250981100,PVC - U AGRI SELFIT PIPE
AH1169,1011250101100,PVC - U AGRI SELFIT PIPE
AH1177,1011280921100,PVC - U AGRI SELFIT PIPE
AH1178,1011280941100,PVC - U AGRI SELFIT PIPE
AH1179,1011280961100,PVC - U AGRI SELFIT PIPE
AH1188,1011280981100,PVC - U AGRI SELFIT PIPE
AH1189,1011280101100,PVC - U AGRI SELFIT PIPE
AH1199,1011315921100,PVC - U AGRI SELFIT PIPE
AH1222,1011315941100,PVC - U AGRI SELFIT PIPE
AH1277,1011315941101,PVC - U AGRI SELFIT PIPE
AH1223,1011315961100,PVC - U AGRI SELFIT PIPE
AH1224,1011315981100,PVC - U AGRI SELFIT PIPE
AH1225,1011315101100,PVC - U AGRI SELFIT PIPE
AH1226,1011355921100,PVC - U AGRI SELFIT PIPE
AH1227,1011355941100,PVC - U AGRI SELFIT PIPE
AH1228,1011355961100,PVC - U AGRI SELFIT PIPE
AH1229,1011355981100,PVC - U AGRI SELFIT PIPE
AH1233,1011355101100,PVC - U AGRI SELFIT PIPE
AH1234,1011400921100,PVC - U AGRI SELFIT PIPE
AH1235,1011400941100,PVC - U AGRI SELFIT PIPE
AH1236,1011400961100,PVC - U AGRI SELFIT PIPE
AH1237,1011400981100,PVC - U AGRI SELFIT PIPE
AH1238,1011400101100,PVC - U AGRI SELFIT PIPE
,,
AH1239,1011140961103,PVC - U AGRI SELFIT (SLOTTED) PIPE
AH1244,1011160941104,PVC - U AGRI SELFIT (SLOTTED) PIPE
AH1245,1011160961104,PVC - U AGRI SELFIT (SLOTTED) PIPE
AH1246,1011160981101,PVC - U AGRI SELFIT (SLOTTED) PIPE
AH1247,1011160101101,PVC - U AGRI SELFIT (SLOTTED) PIPE
AH1248,1011180961104,PVC - U AGRI SELFIT (SLOTTED) PIPE
AH1249,1011200941109,PVC - U AGRI SELFIT (SLOTTED) PIPE
AH1255,1011200961104,PVC - U AGRI SELFIT (SLOTTED) PIPE
AH1256,1011200101102,PVC - U AGRI SELFIT (SLOTTED) PIPE
AH1257,1011225961101,PVC - U AGRI SELFIT (SLOTTED) PIPE
AH1258,1011250961102,PVC - U AGRI SELFIT (SLOTTED) PIPE
AH1259,1011250101102,PVC - U AGRI SELFIT (SLOTTED) PIPE
AH1266,1011315961101,PVC - U AGRI SELFIT (SLOTTED) PIPE
,,
AR1111,1017963941100,PVC - U AGRI RINGFIT PIPE
AR1112,1017963961100,PVC - U AGRI RINGFIT PIPE
AR1199,1017963101100,PVC - U AGRI RINGFIT PIPE
AR1113,1017975961101,PVC - U AGRI RINGFIT PIPE
AR1223,1017975941100,PVC - U AGRI RINGFIT PIPE
AR1114,1017975961100,PVC - U AGRI RINGFIT PIPE
AR1222,1017975101100,PVC - U AGRI RINGFIT PIPE
AR1115,1017990941100,PVC - U AGRI RINGFIT PIPE
AR1116,1017990961100,PVC - U AGRI RINGFIT PIPE
AR1117,1017990101100,PVC - U AGRI RINGFIT PIPE
AR1118,1017110961101,PVC - U AGRI RINGFIT PIPE
AR1119,1017110941101,PVC - U AGRI RINGFIT PIPE
AR1122,1017110961100,PVC - U AGRI RINGFIT PIPE
AR1123,1017110981100,PVC - U AGRI RINGFIT PIPE
AR1124,1017110101100,PVC - U AGRI RINGFIT PIPE
AR1125,1017125961100,PVC - U AGRI RINGFIT PIPE
AR1126,1017140941100,PVC - U AGRI RINGFIT PIPE
AR1127,1017140961100,PVC - U AGRI RINGFIT PIPE
AR1128,1017140101100,PVC - U AGRI RINGFIT PIPE
AR1129,1017160941100,PVC - U AGRI RINGFIT PIPE
AR1133,1017160961100,PVC - U AGRI RINGFIT PIPE
AR1189,1017160981100,PVC - U AGRI RINGFIT PIPE
AR1134,1017160101101,PVC - U AGRI RINGFIT PIPE
AR1135,1017160121100,PVC - U AGRI RINGFIT PIPE
AR1136,1017180941100,PVC - U AGRI RINGFIT PIPE
AR1137,1017180961100,PVC - U AGRI RINGFIT PIPE
AR1138,1017200941100,PVC - U AGRI RINGFIT PIPE
AR1139,1017200961100,PVC - U AGRI RINGFIT PIPE
AR1144,1017200981100,PVC - U AGRI RINGFIT PIPE
AR1145,1017200101100,PVC - U AGRI RINGFIT PIPE
AR1146,1017225941100,PVC - U AGRI RINGFIT PIPE
AR1147,1017225961100,PVC - U AGRI RINGFIT PIPE
AR1148,1017225101100,PVC - U AGRI RINGFIT PIPE
AR1149,1017250941100,PVC - U AGRI RINGFIT PIPE
AR1155,1017250961100,PVC - U AGRI RINGFIT PIPE
AR1156,1017250101100,PVC - U AGRI RINGFIT PIPE
AR1157,1017280941100,PVC - U AGRI RINGFIT PIPE
AR1158,1017280961100,PVC - U AGRI RINGFIT PIPE
AR1159,1017280101100,PVC - U AGRI RINGFIT PIPE
AR1166,1017315941100,PVC - U AGRI RINGFIT PIPE
AR1167,1017315961100,PVC - U AGRI RINGFIT PIPE
AR1168,1017315981100,PVC - U AGRI RINGFIT PIPE
AR1169,1017315101100,PVC - U AGRI RINGFIT PIPE
AR1177,1017355961100,PVC - U AGRI RINGFIT PIPE
AR1178,1017400921101,PVC - U AGRI RINGFIT PIPE
AR1179,1017400941102,PVC - U AGRI RINGFIT PIPE
AR1188,1017400961102,PVC - U AGRI RINGFIT PIPE
,,
CA1111,1021940993100,CM _ CS PLAIN CASING PIPES IS
CA1112,1021940993101,CM _ CS PLAIN CASING PIPES IS
CA1113,1021950993100,CM _ CS PLAIN CASING PIPES IS
CA1114,1021980993100,CM _ CS PLAIN CASING PIPES IS
CA1115,1021980993101,CM _ CS PLAIN CASING PIPES IS
CA1116,1021100993102,CM _ CS PLAIN CASING PIPES IS
CA1117,1021125993103,CM _ CS PLAIN CASING PIPES IS
CA1118,1021150993104,CM _ CS PLAIN CASING PIPES IS
CA1119,1021175993100,CM _ CS PLAIN CASING PIPES IS
CA1122,1021200993105,CM _ CS PLAIN CASING PIPES IS
CA1457,1021240993100,CM _ CS PLAIN CASING PIPES IS
CA1123,1021250993102,CM _ CS PLAIN CASING PIPES IS
CA1124,1021100993101,CM _ CS PLAIN CASING PIPES IS
CA1125,1021125993101,CM _ CS PLAIN CASING PIPES IS
CA1126,1021150993102,CM _ CS PLAIN CASING PIPES IS
CA1127,1021175993102,CM _ CS PLAIN CASING PIPES IS
CA1128,1021200993103,CM _ CS PLAIN CASING PIPES IS
,,
CA1129,1021150993105,CM _ CS PLAIN CASING PIPES IS
CA1133,1021175993101,CM _ CS PLAIN CASING PIPES IS
CA1134,1021200993106,CM _ CS PLAIN CASING PIPES IS
CA1135,1021250993100,CM _ CS PLAIN CASING PIPES IS
CA1136,1021150993103,CM _ CS PLAIN CASING PIPES IS
CA1137,1021175993103,CM _ CS PLAIN CASING PIPES IS
CA1138,1021200993104,CM _ CS PLAIN CASING PIPES IS
,,
CA1367,1021100993106,CM _ CS PLAIN CASING PIPES IS
CA1139,1021113993100,CM _ CS PLAIN CASING PIPES IS
CA1144,1021180993105,CM _ CS PLAIN CASING PIPES IS
CA1145,1021213993100,CM _ CS PLAIN CASING PIPES IS
CA1146,1021225993101,CM _ CS PLAIN CASING PIPES IS
CA1147,1021113993101,CM _ CS PLAIN CASING PIPES IS
CA1148,1021180993103,CM _ CS PLAIN CASING PIPES IS
CA1149,1021213993101,CM _ CS PLAIN CASING PIPES IS
CA1155,1021225993102,CM _ CS PLAIN CASING PIPES IS
,,
CA1156,1021125993104,CM _ CS PLAIN CASING PIPES IS
CA1157,1021125993107,CM _ CS PLAIN CASING PIPES IS
CA1158,1021180993104,CM _ CS PLAIN CASING PIPES IS
CA1159,1021225993100,CM _ CS PLAIN CASING PIPES IS
CA1166,1021125993102,CM _ CS PLAIN CASING PIPES IS
CA1167,1021180993102,CM _ CS PLAIN CASING PIPES IS
,,
CA1168,1020100993104,CM _ CS CASING - SLOTTED PIPES
CA1169,1020113999100,CM _ CS CASING - SLOTTED PIPES
CA1177,1020140993100,CM _ CS CASING - SLOTTED PIPES
CA1178,1020150993101,CM _ CS CASING - SLOTTED PIPES
CA1179,1020180993101,CM _ CS CASING - SLOTTED PIPES
CA1188,1020175993101,CM _ CS CASING - SLOTTED PIPES
CA1189,1020200993102,CM _ CS CASING - SLOTTED PIPES
CA1199,1020213993100,CM _ CS CASING - SLOTTED PIPES
CA1222,1020225993100,CM _ CS CASING - SLOTTED PIPES
CA1223,1020113993100,CM _ CS CASING - SLOTTED PIPES
CA1224,1020125993108,CM _ CS CASING - SLOTTED PIPES
CA1225,1020150993106,CM _ CS CASING - SLOTTED PIPES
CA1226,1020175993102,CM _ CS CASING - SLOTTED PIPES
CA1227,1020200993103,CM _ CS CASING - SLOTTED PIPES
,,
CA1228,1020140993101,CM _ CS CASING - SLOTTED PIPES
CA1229,1020150993103,CM _ CS CASING - SLOTTED PIPES
CA1233,1020180993100,CM _ CS CASING - SLOTTED PIPES
CA1234,1020175993100,CM _ CS CASING - SLOTTED PIPES
CA1235,1020200993101,CM _ CS CASING - SLOTTED PIPES
CA1236,1020225993101,CM _ CS CASING - SLOTTED PIPES
CA1237,1021250993101,CM _ CS CASING - SLOTTED PIPES
,,
CA1238,1020100993102,RIBBED SCREEN PIPES
CA1455,1020125993102,RIBBED SCREEN PIPES
CA1239,1020150993100,RIBBED SCREEN PIPES
CA1244,1020150993102,RIBBED SCREEN PIPES
CA1245,1020200993100,RIBBED SCREEN PIPES
CA1246,1020200993108,RIBBED SCREEN PIPES
,,
CA1247,1020940993101,RIBBED SCREEN PIPES  0.2MM to 2MM SLOTTED
CA1248,1020940993102,RIBBED SCREEN PIPES  0.2MM to 2MM SLOTTED
CA1249,1020950993101,RIBBED SCREEN PIPES  0.2MM to 2MM SLOTTED
CA1255,1020950993102,RIBBED SCREEN PIPES  0.2MM to 2MM SLOTTED
CA1256,1020980993101,RIBBED SCREEN PIPES  0.2MM to 2MM SLOTTED
CA1257,1020100993101,RIBBED SCREEN PIPES  0.2MM to 2MM SLOTTED
CA1447,1020125993100,RIBBED SCREEN PIPES  0.2MM to 2MM SLOTTED
CA1258,1020150993107,RIBBED SCREEN PIPES  0.2MM to 2MM SLOTTED
CA1259,1020200993105,RIBBED SCREEN PIPES  0.2MM to 2MM SLOTTED
,,
CA1266,1025110993102,SDR BLUE PLAIN SLOTTED CASING PIPES
CA1267,1025125993100,SDR BLUE PLAIN SLOTTED CASING PIPES
CA1268,1025140993105,SDR BLUE PLAIN SLOTTED CASING PIPES
CA1269,1025140993103,SDR BLUE PLAIN SLOTTED CASING PIPES
CA1277,1025160993105,SDR BLUE PLAIN SLOTTED CASING PIPES
CA1278,1025160993103,SDR BLUE PLAIN SLOTTED CASING PIPES
CA1279,1025180993106,SDR BLUE PLAIN SLOTTED CASING PIPES
CA1288,1025180993104,SDR BLUE PLAIN SLOTTED CASING PIPES
CA1289,1025200993103,SDR BLUE PLAIN SLOTTED CASING PIPES
CA1299,1025225993100,SDR BLUE PLAIN SLOTTED CASING PIPES
,,
CA1333,1025110993104,SDR BLUE PLAIN SLOTTED CASING PIPES
CA1334,1025125993101,SDR BLUE PLAIN SLOTTED CASING PIPES
CA1335,1025140993104,SDR BLUE PLAIN SLOTTED CASING PIPES
CA1336,1025160993104,SDR BLUE PLAIN SLOTTED CASING PIPES
CA1337,1025180993105,SDR BLUE PLAIN SLOTTED CASING PIPES
CA1338,1025200993104,SDR BLUE PLAIN SLOTTED CASING PIPES
CA1339,1025225993101,SDR BLUE PLAIN SLOTTED CASING PIPES
,,
CA1344,1025110993103,SDR BLUE PLAIN SLOTTED CASING PIPES
CA1389,1025110993101,SDR BLUE PLAIN SLOTTED CASING PIPES
CA1345,1025140993107,SDR BLUE PLAIN SLOTTED CASING PIPES
CA1346,1025140993101,SDR BLUE PLAIN SLOTTED CASING PIPES
CA1347,1025160993100,SDR BLUE PLAIN SLOTTED CASING PIPES
CA1348,1025180993101,SDR BLUE PLAIN SLOTTED CASING PIPES
CA1349,1025200993102,SDR BLUE PLAIN SLOTTED CASING PIPES
,,
CA1355,1021940993105,SDR BLUE PLAIN SLOTTED CASING PIPES
CA1356,1021950993105,SDR BLUE PLAIN SLOTTED CASING PIPES
CA1357,1021980993105,SDR BLUE PLAIN SLOTTED CASING PIPES
CA1358,1021100993105,SDR BLUE PLAIN SLOTTED CASING PIPES
CA1359,1021125993105,SDR BLUE PLAIN SLOTTED CASING PIPES
CA1366,1021125993106,SDR BLUE PLAIN SLOTTED CASING PIPES
,,
CA1456,1021100993103,DEEP BOREWELL CASING PIPES -  CD
CA1445,1021115993100,DEEP BOREWELL CASING PIPES -  CD
CA1446,1021125993100,DEEP BOREWELL CASING PIPES -  CD
CA1377,1021150993100,DEEP BOREWELL CASING PIPES -  CD
CA1378,1021175993104,DEEP BOREWELL CASING PIPES -  CD
CA1379,1021200993100,DEEP BOREWELL CASING PIPES -  CD
CA1388,1021250993103,DEEP BOREWELL CASING PIPES -  CD
,,
CA1399,1020100993103,DEEP BOREWELL CASING PIPES - RDS
CA1448,1020115993100,DEEP BOREWELL CASING PIPES - RDS
CA1449,1020125993101,DEEP BOREWELL CASING PIPES - RDS
CA1368,1020175993103,DEEP BOREWELL CASING PIPES - RDS
CA1444,1020150993104,DEEP BOREWELL CASING PIPES - RDS
CA1369,1020200993104,DEEP BOREWELL CASING PIPES - RDS
,,
CO1111,1026932991100,PVC - U COLUMN PIPE- COUPLER
CO1112,1026940991100,PVC - U COLUMN PIPE- COUPLER
CO1113,1026932991102,PVC - U COLUMN PIPE- COUPLER
CO1114,1026940991104,PVC - U COLUMN PIPE- COUPLER
CO1115,1026950991104,PVC - U COLUMN PIPE- COUPLER
CO1179,1026950991107,PVC - U COLUMN PIPE- COUPLER
,,
CO1116,1026932991103,PVC - U COLUMN PIPE- COUPLER
CO1117,1026940991103,PVC - U COLUMN PIPE- COUPLER
CO1118,1026950991103,PVC - U COLUMN PIPE- COUPLER
CO1188,1026950991109,PVC - U COLUMN PIPE- COUPLER
CO1169,1026963991100,PVC - U COLUMN PIPE- COUPLER
CO1189,1026963991105,PVC - U COLUMN PIPE- COUPLER
,,
CO1119,1026963991103,PVC - U COLUMN PIPE- COUPLER
CO1199,1026963991106,PVC - U COLUMN PIPE- COUPLER
CO1122,1026975991103,PVC - U COLUMN PIPE- COUPLER
CO1222,1026975991105,PVC - U COLUMN PIPE- COUPLER
CO1123,1026990991103,PVC - U COLUMN PIPE- COUPLER
CO1223,1026990991104,PVC - U COLUMN PIPE- COUPLER
CO1124,1026110991101,PVC - U COLUMN PIPE- COUPLER
,,
CO1125,1026932991101,PVC - U COLUMN PIPE- COUPLER
CO1126,1026940991101,PVC - U COLUMN PIPE- COUPLER
CO1127,1026950991101,PVC - U COLUMN PIPE- COUPLER
CO1224,1026950991110,PVC - U COLUMN PIPE- COUPLER
CO1128,1026963991101,PVC - U COLUMN PIPE- COUPLER
CO1225,1026963991107,PVC - U COLUMN PIPE- COUPLER
CO1129,1026975991101,PVC - U COLUMN PIPE- COUPLER
CO1226,1026975991106,PVC - U COLUMN PIPE- COUPLER
CO1133,1026990991101,PVC - U COLUMN PIPE- COUPLER
CO1227,1026990991105,PVC - U COLUMN PIPE- COUPLER
CO1134,1026110991102,PVC - U COLUMN PIPE- COUPLER
,,
CO1135,1026940991102,PVC - U COLUMN PIPE- COUPLER
CO1136,1026950991102,PVC - U COLUMN PIPE- COUPLER
CO1228,1026950991111,PVC - U COLUMN PIPE- COUPLER
CO1137,1026963991102,PVC - U COLUMN PIPE- COUPLER
CO1229,1026963991108,PVC - U COLUMN PIPE- COUPLER
CO1138,1026975991102,PVC - U COLUMN PIPE- COUPLER
CO1233,1026975991107,PVC - U COLUMN PIPE- COUPLER
CO1139,1026990991102,PVC - U COLUMN PIPE- COUPLER
CO1234,1026990991106,PVC - U COLUMN PIPE- COUPLER
CO1144,1026110991103,PVC - U COLUMN PIPE- COUPLER
,,
CO1167,1026940991109,PVC - U COLUMN PIPE- COUPLER
CO1177,1026950991100,PVC - U COLUMN PIPE- COUPLER
CO1168,1026963991104,PVC - U COLUMN PIPE- COUPLER
CO1178,1026975991104,PVC - U COLUMN PIPE- COUPLER
,,
CO1145,1026932991107,PVC - U COLUMN PIPE - BELL END
CO1146,1026940991107,PVC - U COLUMN PIPE - BELL END
CO1147,1026932991106,PVC - U COLUMN PIPE - BELL END
CO1148,1026940991106,PVC - U COLUMN PIPE - BELL END
CO1149,1026950991106,PVC - U COLUMN PIPE - BELL END
,,
CO1155,1026932991105,PVC - U COLUMN PIPE - BELL END
CO1156,1026940991105,PVC - U COLUMN PIPE - BELL END
CO1157,1026950991105,PVC - U COLUMN PIPE - BELL END
,,
CO1158,1026932991108,PVC - U COLUMN PIPE - BELL END
CO1159,1026940991108,PVC - U COLUMN PIPE - BELL END
CO1166,1026950991108,PVC - U COLUMN PIPE - BELL END
,,
MA1111,1620932999100,PVC - U COLUMN PIPE - ACCESSORIES
MA1112,1620940999100,PVC - U COLUMN PIPE - ACCESSORIES
MA1113,1620950999100,PVC - U COLUMN PIPE - ACCESSORIES
MA1114,1620963999100,PVC - U COLUMN PIPE - ACCESSORIES
MA1115,1620975999100,PVC - U COLUMN PIPE - ACCESSORIES
,,
UP1111,1013920994103,PVC - U ASTM PLUMBING PIPE - SCHEDULE  40
UP1112,1013925994103,PVC - U ASTM PLUMBING PIPE - SCHEDULE  40
UP1113,1013932994103,PVC - U ASTM PLUMBING PIPE - SCHEDULE  40
UP1114,1013940994103,PVC - U ASTM PLUMBING PIPE - SCHEDULE  40
UP1115,1013950994103,PVC - U ASTM PLUMBING PIPE - SCHEDULE  40
UP1116,1013963994103,PVC - U ASTM PLUMBING PIPE - SCHEDULE  40
UP1117,1013975994102,PVC - U ASTM PLUMBING PIPE - SCHEDULE  40
UP1118,1013990994103,PVC - U ASTM PLUMBING PIPE - SCHEDULE  40
UP1119,1013110994103,PVC - U ASTM PLUMBING PIPE - SCHEDULE  40
UP1122,1013160994100,PVC - U ASTM PLUMBING PIPE - SCHEDULE  40
UP1123,1013200994100,PVC - U ASTM PLUMBING PIPE - SCHEDULE  40
UP1124,1013920994102,PVC - U ASTM PLUMBING PIPE - SCHEDULE  40
UP1125,1013925994102,PVC - U ASTM PLUMBING PIPE - SCHEDULE  40
UP1126,1013932994102,PVC - U ASTM PLUMBING PIPE - SCHEDULE  40
UP1127,1013940994102,PVC - U ASTM PLUMBING PIPE - SCHEDULE  40
UP1128,1013950994102,PVC - U ASTM PLUMBING PIPE - SCHEDULE  40
UP1129,1013963994102,PVC - U ASTM PLUMBING PIPE - SCHEDULE  40
UP1133,1013975994101,PVC - U ASTM PLUMBING PIPE - SCHEDULE  40
UP1134,1013990994101,PVC - U ASTM PLUMBING PIPE - SCHEDULE  40
UP1135,1013110994101,PVC - U ASTM PLUMBING PIPE - SCHEDULE  40
UP1136,1013160994101,PVC - U ASTM PLUMBING PIPE - SCHEDULE  40
UP1137,1013200994101,PVC - U ASTM PLUMBING PIPE - SCHEDULE  40
,,
UP1138,1013920993104,PVC - U ASTM PLUMBING PIPE - SCHEDULE  40
UP1139,1013925994100,PVC - U ASTM PLUMBING PIPE - SCHEDULE  40
UP1144,1013932994100,PVC - U ASTM PLUMBING PIPE - SCHEDULE  40
UP1145,1013940994100,PVC - U ASTM PLUMBING PIPE - SCHEDULE  40
UP1146,1013950994100,PVC - U ASTM PLUMBING PIPE - SCHEDULE  40
UP1147,1013963994100,PVC - U ASTM PLUMBING PIPE - SCHEDULE  40
UP1148,1013990994102,PVC - U ASTM PLUMBING PIPE - SCHEDULE  40
UP1149,1013110994102,PVC - U ASTM PLUMBING PIPE - SCHEDULE  40
UP1155,1013920994101,PVC - U ASTM PLUMBING PIPE - SCHEDULE  40
UP1156,1013925994101,PVC - U ASTM PLUMBING PIPE - SCHEDULE  40
UP1157,1013932994101,PVC - U ASTM PLUMBING PIPE - SCHEDULE  40
UP1158,1013940994101,PVC - U ASTM PLUMBING PIPE - SCHEDULE  40
UP1159,1013950994101,PVC - U ASTM PLUMBING PIPE - SCHEDULE  40
UP1166,1013963994101,PVC - U ASTM PLUMBING PIPE - SCHEDULE  40
UP1167,1013975994100,PVC - U ASTM PLUMBING PIPE - SCHEDULE  40
UP1168,1013990994100,PVC - U ASTM PLUMBING PIPE - SCHEDULE  40
UP1169,1013110994100,PVC - U ASTM PLUMBING PIPE - SCHEDULE  40
,,
UP1177,1014920994103,PVC - U ASTM PLUMBING PIPE - SCHEDULE 80 
UP1178,1014925994103,PVC - U ASTM PLUMBING PIPE - SCHEDULE 80 
UP1179,1014932994103,PVC - U ASTM PLUMBING PIPE - SCHEDULE 80 
UP1188,1014940993103,PVC - U ASTM PLUMBING PIPE - SCHEDULE 80 
UP1189,1014950993103,PVC - U ASTM PLUMBING PIPE - SCHEDULE 80 
UP1199,1014960993100,PVC - U ASTM PLUMBING PIPE - SCHEDULE 80 
UP1222,1014975994103,PVC - U ASTM PLUMBING PIPE - SCHEDULE 80 
UP1223,1014990994100,PVC - U ASTM PLUMBING PIPE - SCHEDULE 80 
UP1224,1014110994103,PVC - U ASTM PLUMBING PIPE - SCHEDULE 80 
UP1225,1014160994100,PVC - U ASTM PLUMBING PIPE - SCHEDULE 80 
UP1226,1014200994100,PVC - U ASTM PLUMBING PIPE - SCHEDULE 80 
UP1227,1014920994102,PVC - U ASTM PLUMBING PIPE - SCHEDULE 80 
UP1228,1014925994102,PVC - U ASTM PLUMBING PIPE - SCHEDULE 80 
UP1229,1014932994102,PVC - U ASTM PLUMBING PIPE - SCHEDULE 80 
UP1233,1014940994102,PVC - U ASTM PLUMBING PIPE - SCHEDULE 80 
UP1234,1014950994102,PVC - U ASTM PLUMBING PIPE - SCHEDULE 80 
UP1235,1014960994101,PVC - U ASTM PLUMBING PIPE - SCHEDULE 80 
UP1236,1014975994101,PVC - U ASTM PLUMBING PIPE - SCHEDULE 80 
UP1237,1014990994101,PVC - U ASTM PLUMBING PIPE - SCHEDULE 80 
UP1238,1014110994101,PVC - U ASTM PLUMBING PIPE - SCHEDULE 80 
UP1239,1014160994101,PVC - U ASTM PLUMBING PIPE - SCHEDULE 80 
,,
UP1244,1014920994100,PVC - U ASTM PLUMBING PIPE - SCHEDULE 80 
UP1245,1014925994100,PVC - U ASTM PLUMBING PIPE - SCHEDULE 80 
UP1246,1014932994100,PVC - U ASTM PLUMBING PIPE - SCHEDULE 80 
UP1247,1014940994100,PVC - U ASTM PLUMBING PIPE - SCHEDULE 80 
UP1248,1014950994100,PVC - U ASTM PLUMBING PIPE - SCHEDULE 80 
UP1249,1014963994100,PVC - U ASTM PLUMBING PIPE - SCHEDULE 80 
UP1255,1014975994102,PVC - U ASTM PLUMBING PIPE - SCHEDULE 80 
UP1256,1014990994103,PVC - U ASTM PLUMBING PIPE - SCHEDULE 80 
UP1257,1014110994102,PVC - U ASTM PLUMBING PIPE - SCHEDULE 80 
UP1258,1014920994101,PVC - U ASTM PLUMBING PIPE - SCHEDULE 80 
UP1259,1014925994101,PVC - U ASTM PLUMBING PIPE - SCHEDULE 80 
UP1266,1014932994101,PVC - U ASTM PLUMBING PIPE - SCHEDULE 80 
UP1267,1014940994101,PVC - U ASTM PLUMBING PIPE - SCHEDULE 80 
UP1268,1014950994101,PVC - U ASTM PLUMBING PIPE - SCHEDULE 80 
UP1269,1014960994100,PVC - U ASTM PLUMBING PIPE - SCHEDULE 80 
UP1277,1014975994100,PVC - U ASTM PLUMBING PIPE - SCHEDULE 80 
UP1278,1014990994102,PVC - U ASTM PLUMBING PIPE - SCHEDULE 80 
UP1279,1014110994100,PVC - U ASTM PLUMBING PIPE - SCHEDULE 80 
,,
CP1225,1070920116100,CPVC PIPE SDR 11 
CP1229,1070925116100,CPVC PIPE SDR 11 
CP1236,1070932116100,CPVC PIPE SDR 11 
CP1244,1070940116100,CPVC PIPE SDR 11 
CP1248,1070950116100,CPVC PIPE SDR 11 
CP1257,1070963116100,CPVC PIPE SDR 11 
CP1226,1070920116101,CPVC PIPE SDR 11 
CP1233,1070925116101,CPVC PIPE SDR 11 
CP1237,1070932116101,CPVC PIPE SDR 11 
CP1245,1070940116101,CPVC PIPE SDR 11 
CP1249,1070950116101,CPVC PIPE SDR 11 
CP1258,1070963116101,CPVC PIPE SDR 11 
,,
CP1227,1070920136100,CPVC PIPE SDR  13.5 
CP1234,1070925136100,CPVC PIPE SDR  13.5 
CP1238,1070932136100,CPVC PIPE SDR  13.5 
CP1246,1070940136100,CPVC PIPE SDR  13.5 
CP1255,1070950136100,CPVC PIPE SDR  13.5 
CP1259,1070963136100,CPVC PIPE SDR  13.5 
CP1228,1070920136101,CPVC PIPE SDR  13.5 
CP1235,1070925136101,CPVC PIPE SDR  13.5 
CP1239,1070932136101,CPVC PIPE SDR  13.5 
CP1247,1070940136101,CPVC PIPE SDR  13.5 
CP1256,1070950136101,CPVC PIPE SDR  13.5 
CP1266,1070963136101,CPVC PIPE SDR  13.5 
,,
CP1267,1070975406100,HIGHER DIA CPVC PIPES SCH 40
CP1278,1070990406100,HIGHER DIA CPVC PIPES SCH 40
CP1178,1070110406100,HIGHER DIA CPVC PIPES SCH 40
CP1199,1070160406100,HIGHER DIA CPVC PIPES SCH 40
CP1268,1070975406101,HIGHER DIA CPVC PIPES SCH 40
CP1279,1070990406101,HIGHER DIA CPVC PIPES SCH 40
CP1179,1070110406101,HIGHER DIA CPVC PIPES SCH 40
CP1222,1070160406101,HIGHER DIA CPVC PIPES SCH 40
,,
CP1269,1070975806100,HIGHER DIA CPVC PIPES SCH 80 
CP1288,1070990806100,HIGHER DIA CPVC PIPES SCH 80 
CP1188,1070110806100,HIGHER DIA CPVC PIPES SCH 80 
CP1223,1070160806100,HIGHER DIA CPVC PIPES SCH 80 
CP1277,1070975806101,HIGHER DIA CPVC PIPES SCH 80 
CP1289,1070990806101,HIGHER DIA CPVC PIPES SCH 80 
CP1189,1070110806101,HIGHER DIA CPVC PIPES SCH 80 
CP1224,1070160806101,HIGHER DIA CPVC PIPES SCH 80 
,,
IP1111,1019975991100,SWR CUT PIECES  WITH INTEGRATED RING _TYPE A S_S
IP1112,1019975991102,SWR CUT PIECES  WITH INTEGRATED RING _TYPE A S_S
IP1113,1019975991101,SWR CUT PIECES  WITH INTEGRATED RING _TYPE A S_S
IP1114,1019990991100,SWR CUT PIECES  WITH INTEGRATED RING _TYPE A S_S
IP1115,1019990991101,SWR CUT PIECES  WITH INTEGRATED RING _TYPE A S_S
IP1116,1019990991102,SWR CUT PIECES  WITH INTEGRATED RING _TYPE A S_S
IP1117,1019110991100,SWR CUT PIECES  WITH INTEGRATED RING _TYPE A S_S
IP1118,1019110991101,SWR CUT PIECES  WITH INTEGRATED RING _TYPE A S_S
IP1119,1019110991102,SWR CUT PIECES  WITH INTEGRATED RING _TYPE A S_S
IP1122,1019160991100,SWR CUT PIECES  WITH INTEGRATED RING _TYPE A S_S
IP1123,1019160991101,SWR CUT PIECES  WITH INTEGRATED RING _TYPE A S_S
,,
IP1124,1019975991200,SWR CUT PIECES  WITH INTEGRATED RING _TYPE B  D_S
IP1125,1019975991201,SWR CUT PIECES  WITH INTEGRATED RING _TYPE B  D_S
IP1126,1019975991202,SWR CUT PIECES  WITH INTEGRATED RING _TYPE B  D_S
IP1127,1019990991200,SWR CUT PIECES  WITH INTEGRATED RING _TYPE B  D_S
IP1128,1019990991201,SWR CUT PIECES  WITH INTEGRATED RING _TYPE B  D_S
IP1129,1019990991202,SWR CUT PIECES  WITH INTEGRATED RING _TYPE B  D_S
IP1133,1019110991200,SWR CUT PIECES  WITH INTEGRATED RING _TYPE B  D_S
IP1134,1019110991201,SWR CUT PIECES  WITH INTEGRATED RING _TYPE B  D_S
IP1135,1019110991202,SWR CUT PIECES  WITH INTEGRATED RING _TYPE B  D_S
IP1136,1019160991200,SWR CUT PIECES  WITH INTEGRATED RING _TYPE B  D_S
IP1137,1019160991201,SWR CUT PIECES  WITH INTEGRATED RING _TYPE B  D_S
,,
IP1138,1019110921101,SWR CUT PIECES  WITH INTEGRATED RING _TYPE A S_S
IP1139,1217975991108,SWR CUT PIECES  WITH INTEGRATED RING _TYPE A S_S
IP1144,1217975991109,SWR CUT PIECES  WITH INTEGRATED RING _TYPE A S_S
IP1145,1217990991104,SWR CUT PIECES  WITH INTEGRATED RING _TYPE A S_S
IP1146,1217110991108,SWR CUT PIECES  WITH INTEGRATED RING _TYPE A S_S
IP1147,1217110991107,SWR CUT PIECES  WITH INTEGRATED RING _TYPE A S_S
IP1148,1217160991106,SWR CUT PIECES  WITH INTEGRATED RING _TYPE A S_S
,,
IP1149,1217975991101,SWR CUT PIECES  WITH INTEGRATED RING _TYPE B  D_S
IP1155,1217975991100,SWR CUT PIECES  WITH INTEGRATED RING _TYPE B  D_S
IP1156,1217975991102,SWR CUT PIECES  WITH INTEGRATED RING _TYPE B  D_S
IP1157,1217975991103,SWR CUT PIECES  WITH INTEGRATED RING _TYPE B  D_S
IP1158,1217975991105,SWR CUT PIECES  WITH INTEGRATED RING _TYPE B  D_S
IP1159,1217975991110,SWR CUT PIECES  WITH INTEGRATED RING _TYPE B  D_S
IP1166,1217990991100,SWR CUT PIECES  WITH INTEGRATED RING _TYPE B  D_S
IP1167,1217990991101,SWR CUT PIECES  WITH INTEGRATED RING _TYPE B  D_S
IP1168,1217990991102,SWR CUT PIECES  WITH INTEGRATED RING _TYPE B  D_S
IP1169,1217990991103,SWR CUT PIECES  WITH INTEGRATED RING _TYPE B  D_S
IP1177,1217990991105,SWR CUT PIECES  WITH INTEGRATED RING _TYPE B  D_S
IP1178,1217990991106,SWR CUT PIECES  WITH INTEGRATED RING _TYPE B  D_S
IP1179,1217110991101,SWR CUT PIECES  WITH INTEGRATED RING _TYPE B  D_S
IP1188,1217110991100,SWR CUT PIECES  WITH INTEGRATED RING _TYPE B  D_S
IP1189,1217110991102,SWR CUT PIECES  WITH INTEGRATED RING _TYPE B  D_S
IP1199,1217110991103,SWR CUT PIECES  WITH INTEGRATED RING _TYPE B  D_S
IP1222,1217110991105,SWR CUT PIECES  WITH INTEGRATED RING _TYPE B  D_S
IP1223,1217110991104,SWR CUT PIECES  WITH INTEGRATED RING _TYPE B  D_S
IP1224,1217160991100,SWR CUT PIECES  WITH INTEGRATED RING _TYPE B  D_S
IP1225,1217160991101,SWR CUT PIECES  WITH INTEGRATED RING _TYPE B  D_S
IP1226,1217160991102,SWR CUT PIECES  WITH INTEGRATED RING _TYPE B  D_S
IP1227,1217160991103,SWR CUT PIECES  WITH INTEGRATED RING _TYPE B  D_S
IP1228,1217160991105,SWR CUT PIECES  WITH INTEGRATED RING _TYPE B  D_S
IP1229,1217160991104,SWR CUT PIECES  WITH INTEGRATED RING _TYPE B  D_S
,,
IP1233,1217975991206,SWR CUT PIECES  WITH INTEGRATED RING _TYPE A S_S
IP1234,1217975991204,SWR CUT PIECES  WITH INTEGRATED RING _TYPE A S_S
IP1235,1217975991208,SWR CUT PIECES  WITH INTEGRATED RING _TYPE A S_S
IP1236,1217990991205,SWR CUT PIECES  WITH INTEGRATED RING _TYPE A S_S
IP1237,1217110991204,SWR CUT PIECES  WITH INTEGRATED RING _TYPE A S_S
IP1238,1217110991206,SWR CUT PIECES  WITH INTEGRATED RING _TYPE A S_S
IP1239,1217110991208,SWR CUT PIECES  WITH INTEGRATED RING _TYPE A S_S
IP1244,1217110991209,SWR CUT PIECES  WITH INTEGRATED RING _TYPE A S_S
IP1245,1217160991200,SWR CUT PIECES  WITH INTEGRATED RING _TYPE A S_S
IP1246,1217160991206,SWR CUT PIECES  WITH INTEGRATED RING _TYPE A S_S
,,
IP1247,1217975991201,SWR CUT PIECES  WITH INTEGRATED RING _TYPE B  D_S
IP1248,1217975991200,SWR CUT PIECES  WITH INTEGRATED RING _TYPE B  D_S
IP1249,1217975991202,SWR CUT PIECES  WITH INTEGRATED RING _TYPE B  D_S
IP1255,1217975991203,SWR CUT PIECES  WITH INTEGRATED RING _TYPE B  D_S
IP1256,1217975991205,SWR CUT PIECES  WITH INTEGRATED RING _TYPE B  D_S
IP1257,1217975991207,SWR CUT PIECES  WITH INTEGRATED RING _TYPE B  D_S
IP1258,1217990991201,SWR CUT PIECES  WITH INTEGRATED RING _TYPE B  D_S
IP1259,1217990991203,SWR CUT PIECES  WITH INTEGRATED RING _TYPE B  D_S
IP1266,1217990991202,SWR CUT PIECES  WITH INTEGRATED RING _TYPE B  D_S
IP1267,1217990991206,SWR CUT PIECES  WITH INTEGRATED RING _TYPE B  D_S
IP1268,1217990991200,SWR CUT PIECES  WITH INTEGRATED RING _TYPE B  D_S
IP1269,1217990991204,SWR CUT PIECES  WITH INTEGRATED RING _TYPE B  D_S
IP1277,1217110991201,SWR CUT PIECES  WITH INTEGRATED RING _TYPE B  D_S
IP1278,1217110991200,SWR CUT PIECES  WITH INTEGRATED RING _TYPE B  D_S
IP1279,1217110991202,SWR CUT PIECES  WITH INTEGRATED RING _TYPE B  D_S
IP1288,1217110991203,SWR CUT PIECES  WITH INTEGRATED RING _TYPE B  D_S
IP1289,1217110991205,SWR CUT PIECES  WITH INTEGRATED RING _TYPE B  D_S
IP1299,1217110991207,SWR CUT PIECES  WITH INTEGRATED RING _TYPE B  D_S
IP1333,1217160991201,SWR CUT PIECES  WITH INTEGRATED RING _TYPE B  D_S
IP1334,1217160991202,SWR CUT PIECES  WITH INTEGRATED RING _TYPE B  D_S
IP1335,1217160991204,SWR CUT PIECES  WITH INTEGRATED RING _TYPE B  D_S
IP1336,1217160991203,SWR CUT PIECES  WITH INTEGRATED RING _TYPE B  D_S
IP1337,1217160991205,SWR CUT PIECES  WITH INTEGRATED RING _TYPE B  D_S
IP1338,1217160991207,SWR CUT PIECES  WITH INTEGRATED RING _TYPE B  D_S
,,
SP1111,1018975991100,SWR SELFIT PIPES  TYPE A 
SP1112,1018975991102,SWR SELFIT PIPES  TYPE A 
SP1113,1018990991100,SWR SELFIT PIPES  TYPE A 
SP1114,1018990991103,SWR SELFIT PIPES  TYPE A 
SP1115,1018990991102,SWR SELFIT PIPES  TYPE A 
SP1116,1018110991101,SWR SELFIT PIPES  TYPE A 
SP1117,1018110991100,SWR SELFIT PIPES  TYPE A 
SP1118,1018110991103,SWR SELFIT PIPES  TYPE A 
SP1119,1018110991102,SWR SELFIT PIPES  TYPE A 
SP1122,1018160991100,SWR SELFIT PIPES  TYPE A 
SP1123,1018160991102,SWR SELFIT PIPES  TYPE A 
,,
SP1124,1018940991200,SWR SELFIT PIPES  TYPE B 
SP1125,1018975991200,SWR SELFIT PIPES  TYPE B 
SP1126,1018975991202,SWR SELFIT PIPES  TYPE B 
SP1127,1018990991200,SWR SELFIT PIPES  TYPE B 
SP1128,1018990991202,SWR SELFIT PIPES  TYPE B 
SP1129,1018110991201,SWR SELFIT PIPES  TYPE B 
SP1133,1018110991200,SWR SELFIT PIPES  TYPE B 
SP1134,1018110991202,SWR SELFIT PIPES  TYPE B 
SP1135,1018160991200,SWR SELFIT PIPES  TYPE B 
SP1136,1018160991202,SWR SELFIT PIPES  TYPE B 
,,
SP1137,1216975991102,SWR SELFIT PIPES  TYPE B 
SP1138,1216975991106,SWR SELFIT PIPES  TYPE B 
SP1139,1216975991108,SWR SELFIT PIPES  TYPE B 
SP1144,1216975991103,SWR SELFIT PIPES  TYPE B 
SP1145,1216990991103,SWR SELFIT PIPES  TYPE B 
SP1146,1216990991105,SWR SELFIT PIPES  TYPE B 
SP1147,1216990991107,SWR SELFIT PIPES  TYPE B 
SP1148,1216990991109,SWR SELFIT PIPES  TYPE B 
SP1149,1216990991101,SWR SELFIT PIPES  TYPE B 
SP1155,1216110991100,SWR SELFIT PIPES  TYPE B 
SP1156,1216110991104,SWR SELFIT PIPES  TYPE B 
SP1157,1216110991106,SWR SELFIT PIPES  TYPE B 
SP1158,1216110991107,SWR SELFIT PIPES  TYPE B 
SP1159,1216160991104,SWR SELFIT PIPES  TYPE B 
SP1166,1216160991105,SWR SELFIT PIPES  TYPE B 
SP1167,1216160991106,SWR SELFIT PIPES  TYPE B 
SP1168,1216160991107,SWR SELFIT PIPES  TYPE B 
,,
SP1169,1216975991100,SWR SELFIT PIPES  TYPE B 
SP1177,1216975991104,SWR SELFIT PIPES  TYPE B 
SP1178,1216975991107,SWR SELFIT PIPES  TYPE B 
SP1179,1216975991109,SWR SELFIT PIPES  TYPE B 
SP1188,1216975991105,SWR SELFIT PIPES  TYPE B 
SP1189,1216990991102,SWR SELFIT PIPES  TYPE B 
SP1199,1216990991104,SWR SELFIT PIPES  TYPE B 
SP1222,1216990991106,SWR SELFIT PIPES  TYPE B 
SP1223,1216990991108,SWR SELFIT PIPES  TYPE B 
SP1224,1216990991100,SWR SELFIT PIPES  TYPE B 
SP1225,1216110991101,SWR SELFIT PIPES  TYPE B 
SP1226,1216110991103,SWR SELFIT PIPES  TYPE B 
SP1227,1216110991105,SWR SELFIT PIPES  TYPE B 
SP1228,1216110991110,SWR SELFIT PIPES  TYPE B 
SP1229,1216110991102,SWR SELFIT PIPES  TYPE B 
SP1233,1216160991100,SWR SELFIT PIPES  TYPE B 
SP1234,1216160991101,SWR SELFIT PIPES  TYPE B 
SP1235,1216160991102,SWR SELFIT PIPES  TYPE B 
SP1236,1216160991103,SWR SELFIT PIPES  TYPE B 
SP1237,1216160991108,SWR SELFIT PIPES  TYPE B 
,,
SP1238,1216975991203,SWR SELFIT PIPES  TYPE B 
SP1239,1216990991201,SWR SELFIT PIPES  TYPE B 
SP1244,1216990991203,SWR SELFIT PIPES  TYPE B 
SP1245,1216990991205,SWR SELFIT PIPES  TYPE B 
SP1246,1216990991206,SWR SELFIT PIPES  TYPE B 
SP1247,1216110991205,SWR SELFIT PIPES  TYPE B 
SP1248,1216110991208,SWR SELFIT PIPES  TYPE B 
SP1249,1216110991210,SWR SELFIT PIPES  TYPE B 
SP1255,1216110991202,SWR SELFIT PIPES  TYPE B 
SP1256,1216160991204,SWR SELFIT PIPES  TYPE B 
SP1257,1216160991205,SWR SELFIT PIPES  TYPE B 
SP1258,1216160991203,SWR SELFIT PIPES  TYPE B 
SP1259,1216975991201,SWR SELFIT PIPES  TYPE B 
SP1266,1216975991202,SWR SELFIT PIPES  TYPE B 
SP1267,1216975991207,SWR SELFIT PIPES  TYPE B 
SP1268,1216975991206,SWR SELFIT PIPES  TYPE B 
SP1269,1216975991209,SWR SELFIT PIPES  TYPE B 
SP1277,1216975991204,SWR SELFIT PIPES  TYPE B 
SP1278,1216990991200,SWR SELFIT PIPES  TYPE B 
SP1279,1216990991202,SWR SELFIT PIPES  TYPE B 
SP1288,1216990991204,SWR SELFIT PIPES  TYPE B 
SP1289,1216990991207,SWR SELFIT PIPES  TYPE B 
SP1299,1216990991208,SWR SELFIT PIPES  TYPE B 
SP1333,1216110991201,SWR SELFIT PIPES  TYPE B 
SP1334,1216110991206,SWR SELFIT PIPES  TYPE B 
SP1335,1216110991207,SWR SELFIT PIPES  TYPE B 
SP1336,1216110991203,SWR SELFIT PIPES  TYPE B 
SP1337,1216110991209,SWR SELFIT PIPES  TYPE B 
SP1338,1216110991204,SWR SELFIT PIPES  TYPE B 
SP1339,1216160991200,SWR SELFIT PIPES  TYPE B 
SP1344,1216160991201,SWR SELFIT PIPES  TYPE B 
SP1345,1216160991202,SWR SELFIT PIPES  TYPE B 
SP1346,1216160991206,SWR SELFIT PIPES  TYPE B 
SP1347,1216160991207,SWR SELFIT PIPES  TYPE B 
SP1348,1216160991208,SWR SELFIT PIPES  TYPE B 
,,
DP1111,1028160995100,
DP1112,1028200995102,
DP1113,1028160995103,
DP1114,1028160995101,
DP1115,1028200995103,
DP1116,1028200995100,
DP1117,1028110995101,
DP1118,1028110995100,
DP1119,1028160995104,
DP1122,1028160995102,
DP1123,1028200995104,
DP1124,1028200995101,
,,
DP1125,1028250995100,
DP1126,1028315995100,
DP1127,1028250995101,
DP1128,1028315995101,
DP1129,1028250995102,
DP1133,1028315995102,
,,
MH1118,1110160949100,COUPLER 2
MM1123,1110963969100,COUPLER 2
MM1124,1110975969100,COUPLER 2
MM1125,1110990969100,COUPLER 2
MM1126,1110110969100,COUPLER 2
MH1119,1110140962100,COUPLER 2
MH1122,1110160969100,COUPLER 2
MS1117,1110920109100,COUPLER 2
MS1118,1110925109100,COUPLER 2
MS1119,1110932109100,COUPLER 2
MS1122,1110940969101,COUPLER 2
MS1123,1110950969100,COUPLER 2
MM1127,1110963109104,COUPLER 2
MM1128,1110975109104,COUPLER 2
MM1129,1110990109104,COUPLER 2
MM1133,1110110109104,COUPLER 2
,,
MM1134,1117963999101,ELBOW 90°
MM1135,1117975999101,ELBOW 90°
MM1136,1117990962100,ELBOW 90°
MM1137,1117110999103,ELBOW 90°
MH1123,1117140969100,ELBOW 90°
MH1124,1117160991100,ELBOW 90°
MH1125,1117180992100,ELBOW 90°
MH1126,1117200992100,ELBOW 90°
MS1124,1117920999101,ELBOW 90°
MS1125,1117925999100,ELBOW 90°
MS1126,1117932999100,ELBOW 90°
MS1127,1117940999101,ELBOW 90°
MS1128,1117950109100,ELBOW 90°
MM1138,1117963109100,ELBOW 90°
MM1139,1117975109100,ELBOW 90°
MM1144,1117990109100,ELBOW 90°
MM1145,1117110109100,ELBOW 90°
MH1127,1117140109100,ELBOW 90°
MH1128,1117160109100,ELBOW 90°
MH1129,1117200109100,ELBOW 90°
,,
MM1158,1117963969100,ELBOW 45° 2
MM1159,1117975969101,ELBOW 45° 2
MM1166,1117990969100,ELBOW 45° 2
MM1167,1117110969103,ELBOW 45° 2
MH1133,1117200969100,ELBOW 45° 2
MS1146,1117940109100,ELBOW 45° 2
MS1147,1117950109101,ELBOW 45° 2
,,
MS1129,1117920999102,ELBOW 90° - THREADED
MS1133,1117925999102,ELBOW 90° - THREADED
MS1134,1117932999102,ELBOW 90° - THREADED
MS1135,1117940999102,ELBOW 90° - THREADED
MS1136,1117950109102,ELBOW 90° - THREADED
MM1146,1117963109102,ELBOW 90° - THREADED
MM1147,1117975109102,ELBOW 90° - THREADED
MM1148,1117990109102,ELBOW 90° - THREADED
MS1139,1117920109104,ELBOW 90° - THREADED
MS1144,1117925109104,ELBOW 90° - THREADED
MS1145,1117932109104,ELBOW 90° - THREADED
,,
MM1399,1113963999101,TEE
MM1444,1113975999103,TEE
MM1445,1113990999102,TEE
MM1446,1113110999101,TEE
MH1258,1113140999100,TEE
MH1259,1113160969100,TEE
MH1266,1113180962100,TEE
MH1267,1113200962100,TEE
MS1236,1113920999100,TEE
MS1237,1113925999100,TEE
MS1238,1113932999100,TEE
MS1239,1113940999101,TEE
MS1244,1113950999100,TEE
MM1447,1113963109100,TEE
MM1448,1113975109100,TEE
MM1449,1113990109100,TEE
MM1455,1113110109100,TEE
MH1268,1113140109100,TEE
MH1269,1113160109100,TEE
MH1277,1113200109100,TEE
,,
MS1245,1158925992100,TEE - BRASS INSERT
,,
MM1168,1111975969100,END CAP
MM1169,1111990999100,END CAP
MM1177,1111110999100,END CAP
MH1134,1111140999100,END CAP
MH1135,1111160999100,END CAP
MH1136,1111180961100,END CAP
MH1137,1111200999101,END CAP
MS1148,1111920999100,END CAP
MS1149,1111925999101,END CAP
MS1155,1111932999100,END CAP
MS1156,1111940999100,END CAP
MS1157,1111950999100,END CAP
MM1178,1111963999100,END CAP
MM1179,1111975109104,END CAP
MM1188,1111990109104,END CAP
MM1189,1111110109104,END CAP
MH1138,1111140109100,END CAP
MH1139,1111160109100,END CAP
MH1144,1111200109100,END CAP
,,
MM1199,1111975999105,END CAP - THREADED
MM1222,1111990999102,END CAP - THREADED
MM1223,1111110999103,END CAP - THREADED
MS1158,1111940999101,END CAP - THREADED
MS1159,1111950999101,END CAP - THREADED
MM1224,1111963999102,END CAP - THREADED
,,
MM1225,1119963961100,FEMALE THREADED ADAPTER (F.T.A.)
MM1226,1119975999100,FEMALE THREADED ADAPTER (F.T.A.)
MM1227,1119963969100,FEMALE THREADED ADAPTER (F.T.A.)
MM1228,1119975999101,FEMALE THREADED ADAPTER (F.T.A.)
MM1229,1119990999100,FEMALE THREADED ADAPTER (F.T.A.)
MM1233,1119990999101,FEMALE THREADED ADAPTER (F.T.A.)
MM1234,1119990961100,FEMALE THREADED ADAPTER (F.T.A.)
,,
MALE THREADED ADAPTER (M.T+871:888,#N/A,FEMALE THREADED ADAPTER (F.T.A.)
MM1245,1119110969101,FEMALE THREADED ADAPTER (F.T.A.)
,,
MM1235,1119110991100,FEMALE THREADED ADAPTER (F.T.A.)
MH1145,1119140991100,FEMALE THREADED ADAPTER (F.T.A.)
MH1146,1119160991100,FEMALE THREADED ADAPTER (F.T.A.)
MS1166,1119920999100,FEMALE THREADED ADAPTER (F.T.A.)
MS1167,1119925999100,FEMALE THREADED ADAPTER (F.T.A.)
MS1168,1119925999101,FEMALE THREADED ADAPTER (F.T.A.)
MS1169,1119932999100,FEMALE THREADED ADAPTER (F.T.A.)
MS1177,1119932999101,FEMALE THREADED ADAPTER (F.T.A.)
MS1178,1119932999102,FEMALE THREADED ADAPTER (F.T.A.)
MS1179,1119940999100,FEMALE THREADED ADAPTER (F.T.A.)
MS1188,1119950991100,FEMALE THREADED ADAPTER (F.T.A.)
MM1236,1119963109104,FEMALE THREADED ADAPTER (F.T.A.)
MM1237,1119975109104,FEMALE THREADED ADAPTER (F.T.A.)
MM1238,1119990109104,FEMALE THREADED ADAPTER (F.T.A.)
MM1239,1119110109104,FEMALE THREADED ADAPTER (F.T.A.)
MS1189,1157925992100,FEMALE THREADED ADAPTER (F.T.A.)
,,
MS1199,1118925969100,MALE THREADED ADAPTER (M.T
MM1246,1118963999101,MALE THREADED ADAPTER (M.T
MM1247,1118975969100,MALE THREADED ADAPTER (M.T
MM1248,1118975999100,MALE THREADED ADAPTER (M.T
MM1249,1118990969100,MALE THREADED ADAPTER (M.T
MM1255,1118990999101,MALE THREADED ADAPTER (M.T
MM1256,1118110999100,MALE THREADED ADAPTER (M.T
MH1147,1118140992100,MALE THREADED ADAPTER (M.T
MH1148,1118160992100,MALE THREADED ADAPTER (M.T
MS1222,1118920999100,MALE THREADED ADAPTER (M.T
MS1223,1118925999102,MALE THREADED ADAPTER (M.T
MS1224,1118932999100,MALE THREADED ADAPTER (M.T
MS1225,1118940999101,MALE THREADED ADAPTER (M.T
MS1226,1118950999101,MALE THREADED ADAPTER (M.T
MM1257,1118963109104,MALE THREADED ADAPTER (M.T
MM1258,1118975109104,MALE THREADED ADAPTER (M.T
MM1259,1118990109104,MALE THREADED ADAPTER (M.T
MM1266,1118110109104,MALE THREADED ADAPTER (M.T
,,
MM1378,1130963999100,TAIL PIECE
MM1379,1130975999100,TAIL PIECE
MM1388,1130990999100,TAIL PIECE
MM1389,1130110999100,TAIL PIECE
MH1249,1130140999100,TAIL PIECE
MH1255,1130160999100,TAIL PIECE
MH1256,1130180991100,TAIL PIECE
MH1257,1130200999100,TAIL PIECE
,,
MM1348,1116963999103,SERVICE SADDLE THREADED
MM1349,1116963999104,SERVICE SADDLE THREADED
MM1355,1116963999105,SERVICE SADDLE THREADED
MM1356,1116975999105,SERVICE SADDLE THREADED
MM1357,1116975999106,SERVICE SADDLE THREADED
MM1358,1116975999107,SERVICE SADDLE THREADED
MM1359,1116990999105,SERVICE SADDLE THREADED
MM1366,1116990999106,SERVICE SADDLE THREADED
MM1367,1116990999107,SERVICE SADDLE THREADED
MM1368,1116110999104,SERVICE SADDLE THREADED
MM1369,1116110999105,SERVICE SADDLE THREADED
MM1377,1116110999106,SERVICE SADDLE THREADED
MH1177,1116140999105,SERVICE SADDLE THREADED
MH1178,1116140992100,SERVICE SADDLE THREADED
MH1179,1116140999100,SERVICE SADDLE THREADED
MH1188,1116140999101,SERVICE SADDLE THREADED
MH1189,1116140999102,SERVICE SADDLE THREADED
MH1199,1116140999103,SERVICE SADDLE THREADED
MH1222,1116160999100,SERVICE SADDLE THREADED
MH1223,1116160999105,SERVICE SADDLE THREADED
MH1224,1116160999101,SERVICE SADDLE THREADED
MH1225,1116160999102,SERVICE SADDLE THREADED
MH1226,1116160999103,SERVICE SADDLE THREADED
MH1227,1116160999104,SERVICE SADDLE THREADED
MH1228,1116180999100,SERVICE SADDLE THREADED
MH1229,1116180999101,SERVICE SADDLE THREADED
MH1233,1116180999102,SERVICE SADDLE THREADED
MH1234,1116180999103,SERVICE SADDLE THREADED
MH1235,1116180999104,SERVICE SADDLE THREADED
MH1236,1116180999105,SERVICE SADDLE THREADED
MH1237,1116180999106,SERVICE SADDLE THREADED
MH1238,1116200999100,SERVICE SADDLE THREADED
MH1239,1116200999101,SERVICE SADDLE THREADED
MH1244,1116200999102,SERVICE SADDLE THREADED
MH1245,1116200999103,SERVICE SADDLE THREADED
MH1246,1116200999104,SERVICE SADDLE THREADED
MH1247,1116200999105,SERVICE SADDLE THREADED
MH1248,1116200999106,SERVICE SADDLE THREADED
,,
MS1227,1112932969100,REDUCER
MM1267,1112963969100,REDUCER
MM1268,1112963999100,REDUCER
MM1269,1112963999102,REDUCER
MM1277,1112975969101,REDUCER
MM1278,1112975969100,REDUCER
MM1279,1112975999100,REDUCER
MM1288,1112975999102,REDUCER
MM1289,1112990969100,REDUCER
MM1299,1112990999100,REDUCER
MM1333,1112990999102,REDUCER
MM1334,1112110992100,REDUCER
MM1335,1112110999100,REDUCER
MM1336,1112110999102,REDUCER
MH1149,1112140969100,REDUCER
MH1155,1112140969101,REDUCER
MH1156,1112140992100,REDUCER
MH1157,1112160969100,REDUCER
MH1158,1112160999101,REDUCER
MH1159,1112160999102,REDUCER
MH1166,1112180969100,REDUCER
MH1167,1112180969101,REDUCER
MH1168,1112200969100,REDUCER
MH1169,1112200969101,REDUCER
MS1228,1112925999100,REDUCER
MS1229,1112932999100,REDUCER
MS1233,1112940999100,REDUCER
MS1234,1112950109104,REDUCER
MS1235,1112950999100,REDUCER
MM1337,1112963999103,REDUCER
,,
MM1111,1122963969100,REDUCING BUSH
MM1112,1122963999100,REDUCING BUSH
MM1113,1122975999100,REDUCING BUSH
MM1114,1122975999101,REDUCING BUSH
MM1115,1122990992100,REDUCING BUSH
MM1116,1122110999100,REDUCING BUSH
MM1117,1122110999101,REDUCING BUSH
MM1118,1122110999102,REDUCING BUSH
MH1111,1122160999100,REDUCING BUSH
MH1112,1122180992100,REDUCING BUSH
MH1113,1122180992101,REDUCING BUSH
MH1114,1122200992100,REDUCING BUSH
MH1115,1122200992101,REDUCING BUSH
MH1116,1122200992102,REDUCING BUSH
MH1117,1122200992103,REDUCING BUSH
MS1111,1122925999100,REDUCING BUSH
MS1112,1122932999100,REDUCING BUSH
MS1113,1122940999100,REDUCING BUSH
MS1114,1122950109104,REDUCING BUSH
MS1115,1122950109105,REDUCING BUSH
MS1116,1122950999100,REDUCING BUSH
MM1119,1122975109104,REDUCING BUSH
MM1122,1122990109104,REDUCING BUSH
MM1456,1114963962100,REDUCING BUSH
MM1457,1114975962100,REDUCING BUSH
MM1458,1114975962101,REDUCING BUSH
MM1459,1114975962102,REDUCING BUSH
MM1466,1114990962102,REDUCING BUSH
MM1467,1114990962100,REDUCING BUSH
MM1468,1114990962101,REDUCING BUSH
MM1469,1114110962100,REDUCING BUSH
MM1477,1114110962101,REDUCING BUSH
MM1478,1114110991100,REDUCING BUSH
MH1278,1114140962100,REDUCING BUSH
MH1279,1114140962101,REDUCING BUSH
MH1288,1114160962100,REDUCING BUSH
MH1289,1114160962101,REDUCING BUSH
MS1246,1114925102100,REDUCING BUSH
MS1247,1114932102100,REDUCING BUSH
MS1248,1114932102101,REDUCING BUSH
MS1249,1114940102101,REDUCING BUSH
MS1255,1114940102102,REDUCING BUSH
MS1256,1114940102103,REDUCING BUSH
MS1257,1114950102100,REDUCING BUSH
MS1258,1114950102101,REDUCING BUSH
MS1259,1114950102102,REDUCING BUSH
MS1266,1114950962100,REDUCING BUSH
MM1479,1114963102100,REDUCING BUSH
MM1488,1114963102101,REDUCING BUSH
,,
MM1149,1117110969100,REDUCING ELBOW 90°
MM1155,1117110969101,REDUCING ELBOW 90°
MM1156,1117110969102,REDUCING ELBOW 90°
MS1138,1117925109101,REDUCING ELBOW 90°
,,
MS1137,1159925992100,REDUCING ELBOW 90° - BRASS INSERT
,,
MM1157,1117975969100,REDUCING ELBOW 90° - THREADED
,,
MM1339,1116975991101,SADDLE STRIP
MM1344,1116975991100,SADDLE STRIP
MM1345,1116110999111,SADDLE STRIP
MM1346,1116110999112,SADDLE STRIP
MM1347,1116110999113,SADDLE STRIP
,,
MM1489,1121963969100,SINGLE Y
MM1499,1121975969100,SINGLE Y
MM1555,1121990969100,SINGLE Y
MM1556,1121110969100,SINGLE Y
MH1299,1121140969100,SINGLE Y
MH1333,1121160969100,SINGLE Y
MH1334,1121200969100,SINGLE Y
,,
MS1267,1115920999102,COMPACT BALL VALVE
MS1268,1115925999102,COMPACT BALL VALVE
MS1269,1115932999102,COMPACT BALL VALVE
MS1277,1115940999102,COMPACT BALL VALVE
MS1278,1115950999102,COMPACT BALL VALVE
MM1569,1115963999102,COMPACT BALL VALVE
MM1577,1115975999102,COMPACT BALL VALVE
MM1578,1115990999103,COMPACT BALL VALVE
MM1579,1115110999102,COMPACT BALL VALVE
,,
MM1557,1115990999101,BUTTERFLY VALVE - GEAR TYPE
MM1558,1115110999101,BUTTERFLY VALVE - GEAR TYPE
MH1338,1115125999101,BUTTERFLY VALVE - GEAR TYPE
MH1339,1115160999101,BUTTERFLY VALVE - GEAR TYPE
MH1344,1115200999101,BUTTERFLY VALVE - GEAR TYPE
MH1345,1115250999101,BUTTERFLY VALVE - GEAR TYPE
MH1346,1115315999101,BUTTERFLY VALVE - GEAR TYPE
MH1347,1115400999101,BUTTERFLY VALVE - GEAR TYPE
,,
MM1559,1115963999100,BUTTERFLY VALVE - HANDLE TYPE
MM1566,1115975999100,BUTTERFLY VALVE - HANDLE TYPE
MM1567,1115990999100,BUTTERFLY VALVE - HANDLE TYPE
MM1568,1115110999100,BUTTERFLY VALVE - HANDLE TYPE
MH1348,1115125999100,BUTTERFLY VALVE - HANDLE TYPE
MH1349,1115160999100,BUTTERFLY VALVE - HANDLE TYPE
MH1355,1115200999100,BUTTERFLY VALVE - HANDLE TYPE
,,
MH1335,1121200969102,SINGLE Y
MH1336,1121200969101,SINGLE Y
MH1337,1121160969101,SINGLE Y
,,
MM1589,1120975969100,FLANGE
MM1599,1120990969100,FLANGE
MM1666,1120110969100,FLANGE
,,
MM1588,1115990999102,FOOT VALVE
,,
FF1111,1215200969104,BEND ( 90 DEG)
FF1112,1215225961100,BEND ( 90 DEG)
,,
FF1113,1215400949101,BEND ( 90 DEG)
,,
FF1114,1215140949102,BEND ( 90 DEG)
FF1115,1215160949102,BEND ( 90 DEG)
FF1116,1215200949102,BEND ( 90 DEG)
FF1117,1215963969102,BEND ( 90 DEG)
FF1118,1215975969101,BEND ( 90 DEG)
FF1119,1215990969102,BEND ( 90 DEG)
FF1122,1215110969102,BEND ( 90 DEG)
FF1123,1215140969102,BEND ( 90 DEG)
FF1124,1215160969102,BEND ( 90 DEG)
FF1125,1215180961101,BEND ( 90 DEG)
FF1126,1215200969102,BEND ( 90 DEG)
FF1127,1215225969102,BEND ( 90 DEG)
FF1128,1215250969101,BEND ( 90 DEG)
FF1129,1215315969102,BEND ( 90 DEG)
FF1133,1215990109101,BEND ( 90 DEG)
FF1134,1215110109101,BEND ( 90 DEG)
FF1135,1215160109102,BEND ( 90 DEG)
,,
FF1136,1215963949103,BEND ( 90 DEG)
FF1137,1215975949100,BEND ( 90 DEG)
FF1138,1215990949103,BEND ( 90 DEG)
FF1139,1215110949104,BEND ( 90 DEG)
FF1144,1215140949103,BEND ( 90 DEG)
FF1145,1215160949100,BEND ( 90 DEG)
FF1146,1215180949100,BEND ( 90 DEG)
FF1147,1215200949100,BEND ( 90 DEG)
FF1148,1215225949100,BEND ( 90 DEG)
FF1149,1215250949104,BEND ( 90 DEG)
FF1155,1215280949100,BEND ( 90 DEG)
FF1156,1215315949103,BEND ( 90 DEG)
FF1157,1215940969100,BEND ( 90 DEG)
FF1158,1215950969100,BEND ( 90 DEG)
FF1159,1215963969104,BEND ( 90 DEG)
FF1166,1215975969103,BEND ( 90 DEG)
FF1167,1215990969104,BEND ( 90 DEG)
FF1168,1215110969106,BEND ( 90 DEG)
FF1169,1215140969100,BEND ( 90 DEG)
FF1177,1215160969100,BEND ( 90 DEG)
FF1178,1215180969100,BEND ( 90 DEG)
FF1179,1215200969103,BEND ( 90 DEG)
FF1188,1215225969100,BEND ( 90 DEG)
FF1189,1215250969103,BEND ( 90 DEG)
FF1199,1215280969103,BEND ( 90 DEG)
FF1222,1215315969104,BEND ( 90 DEG)
FF1223,1215400969100,BEND ( 90 DEG)
FF1224,1215925989100,BEND ( 90 DEG)
FF1225,1215963109100,BEND ( 90 DEG)
FF1226,1215975101100,BEND ( 90 DEG)
FF1227,1215990109100,BEND ( 90 DEG)
FF1228,1215110109100,BEND ( 90 DEG)
FF1229,1215140101100,BEND ( 90 DEG)
FF1233,1215160109103,BEND ( 90 DEG)
FF1234,1215200109100,BEND ( 90 DEG)
FF1235,1215315101100,BEND ( 90 DEG)
FF1236,1215932999100,BEND ( 90 DEG)
FF1237,1215940999100,BEND ( 90 DEG)
FF1238,1215950999103,BEND ( 90 DEG)
,,
FF1239,1210963949100,COUPLER (1)
FF1244,1210975949100,COUPLER (1)
FF1245,1210990949100,COUPLER (1)
FF1246,1210110949100,COUPLER (1)
FF1247,1210140949100,COUPLER (1)
FF1248,1210160949100,COUPLER (1)
FF1249,1210180949100,COUPLER (1)
FF1255,1210200949100,COUPLER (1)
FF1256,1210225949100,COUPLER (1)
FF1257,1210250949100,COUPLER (1)
FF1258,1210315949100,COUPLER (1)
FF1259,1210355949100,COUPLER (1)
FF1266,1210400949101,COUPLER (1)
FF1267,1210963961100,COUPLER (1)
FF1268,1210975969100,COUPLER (1)
FF1269,1210990969101,COUPLER (1)
FF1277,1210110969101,COUPLER (1)
FF1278,1210140969101,COUPLER (1)
FF1279,1210160969101,COUPLER (1)
FF1288,1210180969100,COUPLER (1)
FF1289,1210200969101,COUPLER (1)
FF1299,1210225969100,COUPLER (1)
FF1333,1210250969101,COUPLER (1)
FF1334,1210280969101,COUPLER (1)
FF1335,1210315969101,COUPLER (1)
FF1336,1210355969101,COUPLER (1)
FF1337,1210400969101,COUPLER (1)
FF1338,1210963109100,COUPLER (1)
FF1339,1210975101100,COUPLER (1)
FF1344,1210990109101,COUPLER (1)
FF1345,1210110109101,COUPLER (1)
FF1346,1210140109101,COUPLER (1)
FF1347,1210160109100,COUPLER (1)
FF1555,1210180109100,COUPLER (1)
FF1348,1210200109101,COUPLER (1)
FF1349,1210250101100,COUPLER (1)
FF1355,1210280999100,COUPLER (1)
FF1356,1210315101101,COUPLER (1)
,,
FF1357,1210963949101,REPAIR COUPLER (RR)
FF1358,1210975949101,REPAIR COUPLER (RR)
FF1359,1210990949101,REPAIR COUPLER (RR)
FF1366,1210110949101,REPAIR COUPLER (RR)
FF1367,1210140949101,REPAIR COUPLER (RR)
FF1368,1210160949101,REPAIR COUPLER (RR)
FF1369,1210963969100,REPAIR COUPLER (RR)
FF1377,1210975961100,REPAIR COUPLER (RR)
FF1378,1210990969100,REPAIR COUPLER (RR)
FF1379,1210110969100,REPAIR COUPLER (RR)
FF1388,1210140969100,REPAIR COUPLER (RR)
FF1389,1210160969100,REPAIR COUPLER (RR)
FF1399,1210200969100,REPAIR COUPLER (RR)
FF1444,1210225969101,REPAIR COUPLER (RR)
FF1445,1210250969100,REPAIR COUPLER (RR)
FF1446,1210280969100,REPAIR COUPLER (RR)
FF1447,1210315969100,REPAIR COUPLER (RR)
FF1448,1210400969102,REPAIR COUPLER (RR)
FF1449,1210990109100,REPAIR COUPLER (RR)
FF1455,1210110109100,REPAIR COUPLER (RR)
FF1456,1210160109101,REPAIR COUPLER (RR)
FF1457,1210200109100,REPAIR COUPLER (RR)
FF1458,1210225109100,REPAIR COUPLER (RR)
FF1459,1210315109100,REPAIR COUPLER (RR)
,,
FF1466,1212140969100,REDUCER (1)
FF1467,1212200969104,REDUCER (1)
FF1468,1212250969102,REDUCER (1)
,,
FF1469,1220400949100,TAIL PIECE (F)
FF1477,1220200969100,TAIL PIECE (F)
FF1478,1220250969100,TAIL PIECE (F)
FF1479,1220280969100,TAIL PIECE (F)
FF1488,1220315969100,TAIL PIECE (F)
FF1489,1220355969100,TAIL PIECE (F)
FF1499,1220400969100,TAIL PIECE (F)
,,
CS4579,1174925116100,REDUCING BUSH 1
CS4588,1174932116100,REDUCING BUSH 1
CS1113,1174932116602,REDUCING BUSH 1
CS4589,1174940116100,REDUCING BUSH 1
CS3337,1174940116101,REDUCING BUSH 1
CS3338,1174940116102,REDUCING BUSH 1
CS4599,1174950116100,REDUCING BUSH 1
CS3339,1174950116101,REDUCING BUSH 1
CS3344,1174950116103,REDUCING BUSH 1
CS3345,1174950116104,REDUCING BUSH 1
CS4666,1174960116100,REDUCING BUSH 1
CS4667,1174960116101,REDUCING BUSH 1
CS4668,1174960116102,REDUCING BUSH 1
CS4669,1174960116103,REDUCING BUSH 1
CS3346,1174960116104,REDUCING BUSH 1
,,
CS5568,1189920116100,TRANSITION BUSH
CS1129,1189925116601,TRANSITION BUSH
CS3558,1189932116100,TRANSITION BUSH
CS3559,1189940116100,TRANSITION BUSH
CS3566,1189950116100,TRANSITION BUSH
CS5569,1189960116100,TRANSITION BUSH
,,
CS5567,1188920116100,BALL VALVE - RED HANDLE
CS3489,1188925116100,BALL VALVE - RED HANDLE
CS3499,1188932116100,BALL VALVE - RED HANDLE
CS3555,1188940116100,BALL VALVE - RED HANDLE
CS3556,1188950116100,BALL VALVE - RED HANDLE
CS3557,1188960116100,BALL VALVE - RED HANDLE
,,
CS2688,1171920116100,COUPLER 3
CS1148,1171925116601,COUPLER 3
CS1149,1171932116601,COUPLER 3
CS1155,1171940116601,COUPLER 3
CS1156,1171950116601,COUPLER 3
CS2689,1171960116100,COUPLER 3
,,
CS1158,1172920116602,ELBOW  90° 1
CS1159,1172925116604,ELBOW  90° 1
CS1166,1172932116605,ELBOW  90° 1
CS1167,1172940116606,ELBOW  90° 1
CS1168,1172950116604,ELBOW  90° 1
CS2779,1172960116100,ELBOW  90° 1
,,
CS4558,1172925116102,REDUCING ELBOW  90° 1
CS4489,1172932116103,REDUCING ELBOW  90° 1
CS1179,1172932116607,REDUCING ELBOW  90° 1
CS4499,1172940116102,REDUCING ELBOW  90° 1
CS2669,1172940116103,REDUCING ELBOW  90° 1
CS2677,1172940116104,REDUCING ELBOW  90° 1
CS4555,1172950116102,REDUCING ELBOW  90° 1
CS4556,1172950116103,REDUCING ELBOW  90° 1
CS4557,1172960116102,REDUCING ELBOW  90° 1
,,
CS1225,1179920116601,ELBOW  90° - BRASS INSERT
CS3378,1179925116101,ELBOW  90° - BRASS INSERT
CS2589,1179932116102,ELBOW  90° - BRASS INSERT
CS4478,1179940116100,ELBOW  90° - BRASS INSERT
CS1229,1179932116603,ELBOW  90° - BRASS INSERT
CS1233,1179925116602,ELBOW  90° - BRASS INSERT
CS4889,1179932116101,ELBOW  90° - BRASS INSERT
,,
CS2699,1172920116101,ELBOW 45°1
CS1236,1172925116605,ELBOW 45°1
CS1237,1172932116606,ELBOW 45°1
CS2777,1172940116101,ELBOW 45°1
CS2778,1172950116101,ELBOW 45°1
CS2788,1172960116101,ELBOW 45°1
,,
CS1245,1172925116606,3 WAY ELBOW
CS1246,1172932116608,3 WAY ELBOW
,,
CS3356,1176920116100,END CAP 1
CS1248,1176925116601,END CAP 1
CS1249,1176932116601,END CAP 1
CS3357,1176940116100,END CAP 1
CS3358,1176950116100,END CAP 1
CS3359,1176960116100,END CAP 1
,,
CS4799,1178920116100,FEMALE THREADED ADAPTER (F.T.A.) 1
CS1259,1178925116602,FEMALE THREADED ADAPTER (F.T.A.) 1
CS1266,1178932116601,FEMALE THREADED ADAPTER (F.T.A.) 1
CS3369,1178940116100,FEMALE THREADED ADAPTER (F.T.A.) 1
CS4888,1178950116100,FEMALE THREADED ADAPTER (F.T.A.) 1
CS3377,1178960116100,FEMALE THREADED ADAPTER (F.T.A.) 1
,,
CS2679,1178925116101,REDUCING FEMALE THREADED ADAPTER (F.T.A.) 1
,,
CS3446,1182920116100,FEMALE THREADED ADAPTER  (F.T.A.) - BRASS  INSERT
CS3447,1182925116101,FEMALE THREADED ADAPTER  (F.T.A.) - BRASS  INSERT
CS3448,1182932116100,FEMALE THREADED ADAPTER  (F.T.A.) - BRASS  INSERT
CS3456,1182940116100,FEMALE THREADED ADAPTER  (F.T.A.) - BRASS  INSERT
CS3457,1182950116100,FEMALE THREADED ADAPTER  (F.T.A.) - BRASS  INSERT
CS3458,1182960116100,FEMALE THREADED ADAPTER  (F.T.A.) - BRASS  INSERT
CS1334,1182925116602,FEMALE THREADED ADAPTER  (F.T.A.) - BRASS  INSERT
CS3449,1182932116101,FEMALE THREADED ADAPTER  (F.T.A.) - BRASS  INSERT
CS3455,1182932116102,FEMALE THREADED ADAPTER  (F.T.A.) - BRASS  INSERT
CS4488,1182940116101,FEMALE THREADED ADAPTER  (F.T.A.) - BRASS  INSERT
,,
CS4788,1177920116100,MALE THREADED ADAPTER (M
CS1339,1177925116602,MALE THREADED ADAPTER (M
CS1344,1177932116602,MALE THREADED ADAPTER (M
CS3367,1177940116100,MALE THREADED ADAPTER (M
CS4789,1177950116100,MALE THREADED ADAPTER (M
CS3368,1177960116100,MALE THREADED ADAPTER (M
,,
CS3366,1177925116101,REDUCING MALE THREADED ADAPTER (M.T.A.) 1
CS2678,1177932116101,REDUCING MALE THREADED ADAPTER (M.T.A.) 1
,,
CS3388,1181920116100,MALE THREADED ADAPTER (M.T.A.) - BRASS INSERT 1
CS1356,1181925116602,MALE THREADED ADAPTER (M.T.A.) - BRASS INSERT 1
CS1357,1181932116603,MALE THREADED ADAPTER (M.T.A.) - BRASS INSERT 1
CS3399,1181940116100,MALE THREADED ADAPTER (M.T.A.) - BRASS INSERT 1
CS3444,1181950116100,MALE THREADED ADAPTER (M.T.A.) - BRASS INSERT 1
CS3445,1181960116100,MALE THREADED ADAPTER (M.T.A.) - BRASS INSERT 1
CS1367,1181925116603,MALE THREADED ADAPTER (M.T.A.) - BRASS INSERT 1
CS2668,1181932116102,MALE THREADED ADAPTER (M.T.A.) - BRASS INSERT 1
CS3389,1181932116101,MALE THREADED ADAPTER (M.T.A.) - BRASS INSERT 1
,,
CS4677,1175925116100,REDUCER 1
CS4678,1175932116100,REDUCER 1
CS1379,1175932116602,REDUCER 1
CS4679,1175940116100,REDUCER 1
CS4688,1175940116101,REDUCER 1
CS3347,1175940116102,REDUCER 1
CS4689,1175950116100,REDUCER 1
CS3348,1175950116101,REDUCER 1
CS4699,1175950116102,REDUCER 1
CS4777,1175950116103,REDUCER 1
CS1448,1175960116605,REDUCER 1
CS4778,1175960116101,REDUCER 1
CS3349,1175960116102,REDUCER 1
CS4779,1175960116103,REDUCER 1
CS3355,1175960116104,REDUCER 1
,,
CS5559,1186920116100,STEP OVER BEND 1
CS1459,1186925116601,STEP OVER BEND 1
CS3477,1186932116100,STEP OVER BEND 1
CS1467,1186940116601,STEP OVER BEND 1
CS1468,1186950116601,STEP OVER BEND 1
CS1469,1186960116601,STEP OVER BEND 1
,,
CS4999,1184920116100,TANK NIPPLE 1
CS3459,1184925116100,TANK NIPPLE 1
CS1479,1184932116602,TANK NIPPLE 1
CS3466,1184940116100,TANK NIPPLE 1
CS3467,1184950116100,TANK NIPPLE 1
CS5555,1184960116100,TANK NIPPLE 1
,,
CS1555,1184920116602,TANK NIPPLE SOCKET END 1
CS1556,1184925116602,TANK NIPPLE SOCKET END 1
CS1557,1184932116603,TANK NIPPLE SOCKET END 1
CS1558,1184940116602,TANK NIPPLE SOCKET END 1
CS2569,1184950116101,TANK NIPPLE SOCKET END 1
CS1566,1184960116602,TANK NIPPLE SOCKET END 1
,,
CS1567,1184920116603,HEX NIPPLE (1)
CS1568,1184925116603,HEX NIPPLE (1)
CS1569,1184932116604,HEX NIPPLE (1)
CS1577,1184940116603,HEX NIPPLE (1)
CS1578,1184950116603,HEX NIPPLE (1)
,,
CS2789,1173920116100,TEE 1
CS1588,1173925116602,TEE 1
CS1589,1173932116603,TEE 1
CS1599,1173940116604,TEE 1
CS1666,1173950116605,TEE 1
CS4578,1173960116100,TEE 1
,,
CS4899,1180920116100,TEE - BRASS INSERT 1
CS2599,1180925116101,TEE - BRASS INSERT 1
CS2666,1180932116102,TEE - BRASS INSERT 1
CS2667,1180940116100,TEE - BRASS INSERT 1
CS1679,1180925116602,TEE - BRASS INSERT 1
,,
CS1688,1180932116603,TEE - BRASS INSERT 1
CS3379,1180932116101,TEE - BRASS INSERT 1
CS4479,1180940116101,TEE - BRASS INSERT 1
,,
CS2799,1173925116101,REDUCING TEE 1
CS4567,1173932116102,REDUCING TEE 1
CS1779,1173932116604,REDUCING TEE 1
CS4568,1173940116101,REDUCING TEE 1
CS2888,1173940116102,REDUCING TEE 1
CS2889,1173940116103,REDUCING TEE 1
CS4569,1173950116101,REDUCING TEE 1
CS2899,1173950116102,REDUCING TEE 1
CS2999,1173950116103,REDUCING TEE 1
CS4577,1173950116104,REDUCING TEE 1
CS3333,1173960116101,REDUCING TEE 1
CS3334,1173960116102,REDUCING TEE 1
CS3335,1173960116103,REDUCING TEE 1
CS3336,1173960116104,REDUCING TEE 1
,,
CS5556,1185920116100,CROSS TEE 1
CS3468,1185925116100,CROSS TEE 1
CS3469,1185932116100,CROSS TEE 1
CS2229,1185940116601,CROSS TEE 1
CS5557,1185950116100,CROSS TEE 1
CS5558,1185960116100,CROSS TEE 1
,,
CS4559,1173920116103,TEE HOLDER
CS4566,1173925116103,TEE HOLDER
,,
CS5566,1187920116100,UNION (1)
CS2238,1187925116601,UNION (1)
CS2239,1187932116601,UNION (1)
CS3478,1187940116100,UNION (1)
CS3479,1187950116100,UNION (1)
CS3488,1187960116100,UNION (1)
,,
CS2578,1172925116103,SWEEP BEND 1
CS2579,1172932116104,SWEEP BEND 1
CS2588,1172940116105,SWEEP BEND 1
,,
CS4469,1183925116100,ALL TOP 6_ MIXER
CS4466,1183925116106,ALL TOP 6_ MIXER
,,
CS4477,1183925116101,TOP BOTTOM 6_ MIXER
CS2567,1183925116105,TOP BOTTOM 6_ MIXER
,,
CS2566,1183925116102,TOP SIDE 6_ MIXER
CS2568,1183925116107,TOP SIDE 6_ MIXER
,,
CS4458,1183925116103,HOT UP COLD DOWN  6_ MIXER
CS4467,1183925116108,HOT UP COLD DOWN  6_ MIXER
,,
CS4459,1183925116104,HOT SIDE COLD DOWN 6 MIXER
CS4468,1183925116109,HOT SIDE COLD DOWN 6 MIXER
,,
CS5577,1190920116100,PIPE CLIPS 1
CS3567,1190925116100,PIPE CLIPS 1
CS5578,1190932116100,PIPE CLIPS 1
CS3568,1190940116100,PIPE CLIPS 1
CS5579,1190950116100,PIPE CLIPS 1
CS5588,1190960116100,PIPE CLIPS 1
,,
CS2577,1188925116101,NON RETURN VALVE 1
CS2559,1188932116101,NON RETURN VALVE 1
,,
CS2336,1188920116605,BALL VALVE - RED HANDLE
CS2337,1188925116605,BALL VALVE - RED HANDLE
CS2338,1188932116605,BALL VALVE - RED HANDLE
CS2339,1188940116605,BALL VALVE - RED HANDLE
CS2344,1188950116605,BALL VALVE - RED HANDLE
CS2345,1188960116605,BALL VALVE - RED HANDLE
,,
CS2346,1191932116600,FLANGE WITH GASKET - OPEN
CS2347,1191940116600,FLANGE WITH GASKET - OPEN
CS2348,1191950116600,FLANGE WITH GASKET - OPEN
CS2349,1191960116600,FLANGE WITH GASKET - OPEN
CS2355,1191932116601,FLANGE WITH GASKET - OPEN
,,
CS2356,1191940116601,FLANGE WITH GASKET -CLOSE
CS2357,1191950116601,FLANGE WITH GASKET -CLOSE
CS2358,1191960116601,FLANGE WITH GASKET -CLOSE
,,
CH1111,1171160406601,SCH 40 - COUPLER
CH1112,1172160406600,SCH 40 - COUPLER
CH1113,1172160406601,SCH 40 - COUPLER
CH1114,1173160406600,SCH 40 - COUPLER
CH1115,1176160406600,SCH 40 - COUPLER
CH1116,1174160406600,SCH 40 - COUPLER
CH1117,1174160406601,SCH 40 - COUPLER
CH1118,1174160406602,SCH 40 - COUPLER
CH1119,1174160406603,SCH 40 - COUPLER
,,
CH1457,1171975806100,SCH 80 - COUPLER
CH1279,1171990806100,SCH 80 - COUPLER
CH1278,1171110806100,SCH 80 - COUPLER
,,
CH1289,1172975806100,SCH 80 - ELBOW 90°
CH1299,1172990806100,SCH 80 - ELBOW 90°
CH1288,1172110806100,SCH 80 - ELBOW 90°
,,
CH1459,1172975806101,SCH 80 - ELBOW 45°
CH1466,1172990806101,SCH 80 - ELBOW 45°
CH1458,1172110806101,SCH 80 - ELBOW 45°
,,
CH1467,1173975806100,SCH 80 - TEE
CH1334,1173990806100,SCH 80 - TEE
CH1333,1173110806100,SCH 80 - TEE
,,
CH1469,1176975806100,SCH 80 - END CAP
CH1477,1176990806100,SCH 80 - END CAP
CH1468,1176110806100,SCH 80 - END CAP
,,
CH1144,1174110806600,SCH 80 - REDUCER BUSH
CH1145,1174110806601,SCH 80 - REDUCER BUSH
CH1146,1174110806602,SCH 80 - REDUCER BUSH
CH1147,1174110806603,SCH 80 - REDUCER BUSH
,,
CH1148,1178975806601,SCH 80 - FEMALE THREADED ADAPTER (F.T.A.)
CH1499,1178990806100,SCH 80 - FEMALE THREADED ADAPTER (F.T.A.)
CH1489,1178110806100,SCH 80 - FEMALE THREADED ADAPTER (F.T.A.)
,,
CH1335,1173975806101,SCH 80 - REDUCING TEE
CH1336,1173975806102,SCH 80 - REDUCING TEE
CH1337,1173975806103,SCH 80 - REDUCING TEE
CH1338,1173975806104,SCH 80 - REDUCING TEE
CH1339,1173975806105,SCH 80 - REDUCING TEE
CH1344,1173975806106,SCH 80 - REDUCING TEE
CH1345,1173990806101,SCH 80 - REDUCING TEE
CH1346,1173990806102,SCH 80 - REDUCING TEE
CH1347,1173990806103,SCH 80 - REDUCING TEE
CH1348,1173990806104,SCH 80 - REDUCING TEE
CH1349,1173990806105,SCH 80 - REDUCING TEE
CH1355,1173990806106,SCH 80 - REDUCING TEE
CH1356,1173990806107,SCH 80 - REDUCING TEE
,,
CH1479,1177975806100,SCH 80 - MALE THREADED ADAPTER  (M.T.A
CH1488,1177990806100,SCH 80 - MALE THREADED ADAPTER  (M.T.A
CH1478,1177110806100,SCH 80 - MALE THREADED ADAPTER  (M.T.A
,,
CH1455,1175975806100,SCH 80 - REDUCER
CH1456,1175975806101,SCH 80 - REDUCER
CH1378,1175975806102,SCH 80 - REDUCER
CH1379,1175975806103,SCH 80 - REDUCER
CH1388,1175975806104,SCH 80 - REDUCER
CH1389,1175975806105,SCH 80 - REDUCER
CH1399,1175990806100,SCH 80 - REDUCER
CH1444,1175990806101,SCH 80 - REDUCER
CH1445,1175990806102,SCH 80 - REDUCER
CH1446,1175990806103,SCH 80 - REDUCER
CH1447,1175990806104,SCH 80 - REDUCER
CH1448,1175990806105,SCH 80 - REDUCER
CH1449,1175990806106,SCH 80 - REDUCER
CH1357,1175110806100,SCH 80 - REDUCER
CH1358,1175110806101,SCH 80 - REDUCER
CH1359,1175110806102,SCH 80 - REDUCER
CH1366,1175110806103,SCH 80 - REDUCER
CH1367,1175110806104,SCH 80 - REDUCER
CH1368,1175110806105,SCH 80 - REDUCER
CH1369,1175110806106,SCH 80 - REDUCER
CH1377,1175110806107,SCH 80 - REDUCER
,,
CH1257,1191975806601,SCH 80 - FLANGE WITH GASKET - OPEN
CH1258,1191990806600,SCH 80 - FLANGE WITH GASKET - OPEN
CH1259,1191110806600,SCH 80 - FLANGE WITH GASKET - OPEN
,,
CH1266,1191160806600,SCH 80 - FLANGE WITH GASKET - CLOSE
CH1267,1191975806600,SCH 80 - FLANGE WITH GASKET - CLOSE
CH1268,1191990806601,SCH 80 - FLANGE WITH GASKET - CLOSE
CH1269,1191110806601,SCH 80 - FLANGE WITH GASKET - CLOSE
CH1277,1191960806601,SCH 80 - FLANGE WITH GASKET - CLOSE
,,
CS4457,1188920116101,LONG CONCEALED VALVE_03
CS4456,1188920116102,LONG CONCEALED VALVE_03
CS4455,1188920116103,LONG CONCEALED VALVE_03
CS4448,1188920116106,LONG CONCEALED VALVE_03
CS4449,1188920116104,LONG CONCEALED VALVE_03
CS4447,1188920116107,LONG CONCEALED VALVE_03
CS3888,1188925116102,LONG CONCEALED VALVE_03
CS3799,1188925116103,LONG CONCEALED VALVE_03
CS3789,1188925116104,LONG CONCEALED VALVE_03
CS3788,1188925116106,LONG CONCEALED VALVE_03
CS3779,1188925116107,LONG CONCEALED VALVE_03
CS3778,1188925116108,LONG CONCEALED VALVE_03
CS3677,1188932116102,LONG CONCEALED VALVE_03
CS3669,1188932116103,LONG CONCEALED VALVE_03
CS3668,1188932116104,LONG CONCEALED VALVE_03
CS3667,1188932116106,LONG CONCEALED VALVE_03
CS3666,1188932116107,LONG CONCEALED VALVE_03
CS3599,1188932116108,LONG CONCEALED VALVE_03
CS4446,1188920116108,SHORT CONCEALED VALVE_03
CS4445,1188920116109,SHORT CONCEALED VALVE_03
CS4444,1188920116110,SHORT CONCEALED VALVE_03
CS3999,1188920116111,SHORT CONCEALED VALVE_03
CS3899,1188920116112,SHORT CONCEALED VALVE_03
CS3889,1188920116113,SHORT CONCEALED VALVE_03
CS3777,1188925116109,SHORT CONCEALED VALVE_03
CS3699,1188925116110,SHORT CONCEALED VALVE_03
CS3689,1188925116111,SHORT CONCEALED VALVE_03
CS3688,1188925116112,SHORT CONCEALED VALVE_03
CS3679,1188925116113,SHORT CONCEALED VALVE_03
CS3678,1188925116114,SHORT CONCEALED VALVE_03
CS3589,1188932116109,SHORT CONCEALED VALVE_03
CS3588,1188932116110,SHORT CONCEALED VALVE_03
CS3579,1188932116111,SHORT CONCEALED VALVE_03
CS3578,1188932116112,SHORT CONCEALED VALVE_03
CS3577,1188932116113,SHORT CONCEALED VALVE_03
CS3569,1188932116114,SHORT CONCEALED VALVE_03
,,
MA1116,1690920999100,METAL CLAMP - CPVC
MA1117,1690925999100,METAL CLAMP - CPVC
MA1118,1690932999100,METAL CLAMP - CPVC
MA1119,1690940999100,METAL CLAMP - CPVC
MA1122,1690950999100,METAL CLAMP - CPVC
MA1123,1690963999100,METAL CLAMP - CPVC
,,
US1147,1131920994101,COUPLER
US1148,1131925994101,COUPLER
US1149,1131932994101,COUPLER
US1155,1131940994101,COUPLER
US1156,1131950994101,COUPLER
US1157,1131963994101,COUPLER
UH1123,1131975994101,COUPLER
UH1124,1131990994101,COUPLER
UH1125,1131110994101,COUPLER
UH1126,1131160994100,COUPLER
UH1127,1131200994100,COUPLER
,,
US1177,1132920994103,ELBOW  90°
US1178,1132925994102,ELBOW  90°
US1179,1132932994103,ELBOW  90°
US1188,1132940994102,ELBOW  90°
US1189,1132950994102,ELBOW  90°
US1199,1132963994103,ELBOW  90°
UH1136,1132975994102,ELBOW  90°
UH1137,1132990994103,ELBOW  90°
UH1138,1132110994103,ELBOW  90°
UH1139,1132160994100,ELBOW  90°
UH1144,1132200994100,ELBOW  90°
,,
US1234,1154920994101,ELBOW 90° - THREADED
US1235,1154925994100,ELBOW 90° - THREADED
US1236,1154932994100,ELBOW 90° - THREADED
US1237,1154940994100,ELBOW 90° - THREADED
US1238,1154950994100,ELBOW 90° - THREADED
US1239,1154963994100,ELBOW 90° - THREADED
,,
US1222,1139920994101,ELBOW  90° - BRASS INSERT
US1223,1139925994100,ELBOW  90° - BRASS INSERT
US1224,1139932994100,ELBOW  90° - BRASS INSERT
,,
US1244,1132920994102,ELBOW 45°
US1245,1132925994103,ELBOW 45°
US1246,1132932994104,ELBOW 45°
US1247,1132940994101,ELBOW 45°
US1248,1132950994103,ELBOW 45°
US1249,1132963994101,ELBOW 45°
UH1145,1132975994103,ELBOW 45°
UH1146,1132990994104,ELBOW 45°
UH1147,1132110994102,ELBOW 45°
UH1148,1132160994101,ELBOW 45°
UH1149,1132200994101,ELBOW 45°
,,
US1358,1133920994102,TEE
US1359,1133925994101,TEE
US1366,1133932994101,TEE
US1367,1133940994104,TEE
US1368,1133950994106,TEE
US1369,1133963994105,TEE
UH1178,1133975994107,TEE
UH1179,1133990994101,TEE
UH1188,1133110994117,TEE
UH1189,1133160994100,TEE
UH1199,1133200994100,TEE
,,
US1478,1133920994101,CROSS TEE
US1479,1133925994105,CROSS TEE
US1488,1133932994103,CROSS TEE
,,
US1489,1153920994100,TEE - THREADED
US1499,1153925994101,TEE - THREADED
US1555,1153932994100,TEE - THREADED
US1556,1153940994101,TEE - THREADED
US1557,1153950994100,TEE - THREADED
US1558,1153963994100,TEE - THREADED
,,
US1377,1140920994101,TEE - BRASS INSERT
US1378,1140925994100,TEE - BRASS INSERT
US1379,1140932994100,TEE - BRASS INSERT
,,
US1158,1136920994101,END CAP
US1159,1136925994101,END CAP
US1166,1136932994101,END CAP
US1167,1136940994101,END CAP
US1168,1136950994100,END CAP
US1169,1136963994102,END CAP
UH1128,1136975994101,END CAP
UH1129,1136990994102,END CAP
UH1133,1136110994101,END CAP
UH1134,1136160994100,END CAP
UH1135,1136200994100,END CAP
,,
US2299,1152920994101,THREADED END PLUG
US2333,1152925994100,THREADED END PLUG
,,
US1333,1137920994101,MALE THREADED ADAPTER (M.T.A
US1334,1137925994101,MALE THREADED ADAPTER (M.T.A
US1335,1137932994101,MALE THREADED ADAPTER (M.T.A
US1336,1137940994101,MALE THREADED ADAPTER (M.T.A
US1337,1137950994101,MALE THREADED ADAPTER (M.T.A
US1338,1137963994100,MALE THREADED ADAPTER (M.T.A
UH1166,1137975994101,MALE THREADED ADAPTER (M.T.A
UH1167,1137990994102,MALE THREADED ADAPTER (M.T.A
UH1168,1137110994102,MALE THREADED ADAPTER (M.T.A
,,
US1344,1141920994101,MALE THREADED ADAPTER (M.T.A.) - BRASS INSERT
US1345,1141925994103,MALE THREADED ADAPTER (M.T.A.) - BRASS INSERT
US1346,1141932994104,MALE THREADED ADAPTER (M.T.A.) - BRASS INSERT
US1347,1141940994100,MALE THREADED ADAPTER (M.T.A.) - BRASS INSERT
US1348,1141950994100,MALE THREADED ADAPTER (M.T.A.) - BRASS INSERT
US1349,1141963994100,MALE THREADED ADAPTER (M.T.A.) - BRASS INSERT
UH1169,1141975994100,MALE THREADED ADAPTER (M.T.A.) - BRASS INSERT
,,
US1255,1138920994101,FEMALE THREADED ADAPTER (F.T.A.)
US1256,1138925994101,FEMALE THREADED ADAPTER (F.T.A.)
US1257,1138932994101,FEMALE THREADED ADAPTER (F.T.A.)
US1258,1138940994101,FEMALE THREADED ADAPTER (F.T.A.)
US1259,1138950994101,FEMALE THREADED ADAPTER (F.T.A.)
US1266,1138963994100,FEMALE THREADED ADAPTER (F.T.A.)
UH1155,1138975994101,FEMALE THREADED ADAPTER (F.T.A.)
UH1156,1138990994102,FEMALE THREADED ADAPTER (F.T.A.)
UH1157,1138110994101,FEMALE THREADED ADAPTER (F.T.A.)
,,
US1267,1142920994101,FEMALE THREADED ADAPTER  (F.T.A.) - BRASS  INSERT
US1268,1142925994100,FEMALE THREADED ADAPTER  (F.T.A.) - BRASS  INSERT
US1269,1142932994100,FEMALE THREADED ADAPTER  (F.T.A.) - BRASS  INSERT
US1277,1142940994100,FEMALE THREADED ADAPTER  (F.T.A.) - BRASS  INSERT
US1278,1142950994100,FEMALE THREADED ADAPTER  (F.T.A.) - BRASS  INSERT
US1279,1142963994100,FEMALE THREADED ADAPTER  (F.T.A.) - BRASS  INSERT
UH1158,1142975994100,FEMALE THREADED ADAPTER  (F.T.A.) - BRASS  INSERT
UH1159,1142990994100,FEMALE THREADED ADAPTER  (F.T.A.) - BRASS  INSERT
,,
US2233,1147920994101,UNION
US2234,1147925994101,UNION
US2235,1147932994101,UNION
US2236,1147940994100,UNION
US2237,1147950994100,UNION
US2238,1147963994100,UNION
,,
US1677,1156920994101,STEP OVER BEND
US1678,1156925994100,STEP OVER BEND
US0072,1156932994101,STEP OVER BEND
US1688,1156940994101,STEP OVER BEND
US1689,1156950994101,STEP OVER BEND
US1699,1156963994101,STEP OVER BEND
,,
US1777,1155920994101,TANK NIPPLE
US1778,1155925994101,TANK NIPPLE
US1779,1155932994101,TANK NIPPLE
US1788,1155940994102,TANK NIPPLE
US1789,1155950994102,TANK NIPPLE
US1799,1155963994100,TANK NIPPLE
UH1339,1155975994101,TANK NIPPLE
UH1344,1155990994101,TANK NIPPLE
,,
US1999,1155940994101,TANK NIPPLE SOCKET END
US2222,1155950994101,TANK NIPPLE SOCKET END
,,
US2269,1148920994100,PIPE CLIPS
US2277,1148925994101,PIPE CLIPS
US2278,1148932994101,PIPE CLIPS
US2279,1148940994100,PIPE CLIPS
US2288,1148950994101,PIPE CLIPS
US2289,1148963994100,PIPE CLIPS
UH1349,1148975994101,PIPE CLIPS
UH1355,1148990994101,PIPE CLIPS
UH1356,1148110994101,PIPE CLIPS
,,
MA1124,1648920999100,METAL CLAMP - ASTM
MA1125,1648925999100,METAL CLAMP - ASTM
MA1126,1648932999100,METAL CLAMP - ASTM
MA1127,1648940999100,METAL CLAMP - ASTM
MA1128,1648950999100,METAL CLAMP - ASTM
MA1129,1648963999100,METAL CLAMP - ASTM
,,
US1128,1150920997100,COMPACT BALL VALVE
US1129,1150925997100,COMPACT BALL VALVE
US1133,1150932997100,COMPACT BALL VALVE
US1134,1150940997100,COMPACT BALL VALVE
US1135,1150950997100,COMPACT BALL VALVE
US1136,1150963997100,COMPACT BALL VALVE
UH1118,1150975997100,COMPACT BALL VALVE
UH1119,1150990997100,COMPACT BALL VALVE
UH1122,1150110997100,COMPACT BALL VALVE
,,
US1137,1150920994100,COMPACT BALL VALVE
US1138,1150925994100,COMPACT BALL VALVE
US1139,1150932994100,COMPACT BALL VALVE
US1144,1150940994100,COMPACT BALL VALVE
US1145,1150950994100,COMPACT BALL VALVE
US1146,1150963994100,COMPACT BALL VALVE
,,
US2335,1150920994200,BALL VALVE - BLUE HANDLE
US2336,1150925994200,BALL VALVE - BLUE HANDLE
US2337,1150932994200,BALL VALVE - BLUE HANDLE
US2338,1150940994200,BALL VALVE - BLUE HANDLE
US2339,1150950994200,BALL VALVE - BLUE HANDLE
US2344,1150963994200,BALL VALVE - BLUE HANDLE
,,
US1559,1135925994101,REDUCER
US1566,1135932994102,REDUCER
US1567,1135932994103,REDUCER
US1568,1135940994102,REDUCER
US1569,1135940994103,REDUCER
US1577,1135940994100,REDUCER
US1578,1135950994102,REDUCER
US1579,1135950994101,REDUCER
US1588,1135950994104,REDUCER
US1589,1135950994100,REDUCER
US1599,1135963994100,REDUCER
US1666,1135963994101,REDUCER
US1667,1135963994103,REDUCER
US1668,1135963994104,REDUCER
US1669,1135963994102,REDUCER
UH1255,1135975994111,REDUCER
UH1256,1135975994112,REDUCER
UH1257,1135975994113,REDUCER
UH1258,1135975994114,REDUCER
UH1259,1135975994115,REDUCER
UH1266,1135975994116,REDUCER
UH1267,1135990994107,REDUCER
UH1268,1135990994108,REDUCER
UH1269,1135990994109,REDUCER
UH1277,1135990994110,REDUCER
UH1278,1135990994111,REDUCER
UH1279,1135990994112,REDUCER
UH1288,1135990994113,REDUCER
UH1289,1135110994108,REDUCER
UH1299,1135110994109,REDUCER
UH1333,1135110994110,REDUCER
UH1334,1135110994112,REDUCER
UH1335,1135110994113,REDUCER
UH1336,1135110994114,REDUCER
UH1337,1135110994115,REDUCER
UH1338,1135110994116,REDUCER
,,
US1111,1134925994101,REDUCING BUSH
US1112,1134932994102,REDUCING BUSH
US1113,1134932994103,REDUCING BUSH
US1114,1134940994101,REDUCING BUSH
US1115,1134940994103,REDUCING BUSH
US1116,1134940994102,REDUCING BUSH
US1117,1134950994102,REDUCING BUSH
US1118,1134950994103,REDUCING BUSH
US1119,1134950994105,REDUCING BUSH
US1122,1134950994104,REDUCING BUSH
US1123,1134963994105,REDUCING BUSH
US1124,1134963994104,REDUCING BUSH
US1125,1134963994103,REDUCING BUSH
US1126,1134963994101,REDUCING BUSH
US1127,1134963994102,REDUCING BUSH
UH1111,1134975994101,REDUCING BUSH
UH1112,1134990994104,REDUCING BUSH
UH1113,1134990994103,REDUCING BUSH
UH1114,1134990994102,REDUCING BUSH
UH1115,1134110994102,REDUCING BUSH
UH1116,1134110994101,REDUCING BUSH
UH1117,1134160994100,REDUCING BUSH
,,
US1225,1144925999100,REDUCING ELBOW  90°
US1226,1144932994102,REDUCING ELBOW  90°
,,
US1227,1132932994105,ELBOW  90°
,,
US1228,1139925994102,ELBOW  90° - BRASS INSERT
US1229,1139932994103,ELBOW  90° - BRASS INSERT
US1233,1139932994102,ELBOW  90° - BRASS INSERT
,,
US1445,1133925994104,REDUCING TEE
US1446,1133932994106,REDUCING TEE
US1447,1133932994107,REDUCING TEE
US1448,1133940994103,REDUCING TEE
US1449,1133940994102,REDUCING TEE
US1455,1133940994101,REDUCING TEE
US1456,1133950994101,REDUCING TEE
US1457,1133950994102,REDUCING TEE
US1458,1133950994103,REDUCING TEE
US1459,1133950994104,REDUCING TEE
US1466,1133963994103,REDUCING TEE
US1467,1133963994104,REDUCING TEE
US1468,1133950994105,REDUCING TEE
US1469,1133963994102,REDUCING TEE
US1477,1133963994101,REDUCING TEE
UH1222,1133975994108,REDUCING TEE
UH1223,1133975994109,REDUCING TEE
UH1224,1133975994110,REDUCING TEE
UH1225,1133975994111,REDUCING TEE
UH1226,1133975994112,REDUCING TEE
UH1227,1133975994113,REDUCING TEE
UH1228,1143990994107,REDUCING TEE
UH1229,1143990994108,REDUCING TEE
UH1233,1143990994110,REDUCING TEE
UH1234,1143990994111,REDUCING TEE
UH1235,1143990994112,REDUCING TEE
UH1236,1143990994109,REDUCING TEE
UH1237,1143990994113,REDUCING TEE
UH1238,1133110994109,REDUCING TEE
UH1239,1133110994110,REDUCING TEE
UH1244,1133110994111,REDUCING TEE
UH1245,1133110994112,REDUCING TEE
UH1246,1133110994113,REDUCING TEE
UH1247,1133110994114,REDUCING TEE
UH1248,1133110994115,REDUCING TEE
UH1249,1133110994116,REDUCING TEE
,,
US1388,1143925994102,REDUCING TEE - BRASS INSERT
US1389,1140932994103,REDUCING TEE - BRASS INSERT
US1399,1140932994102,REDUCING TEE - BRASS INSERT
US1444,1140940994101,REDUCING TEE - BRASS INSERT
,,
US1355,1141925994105,REDUCING MALE THREADED ADAPTER (M.T.A
US1356,1141932994102,REDUCING MALE THREADED ADAPTER (M.T.A
US1357,1141932994103,REDUCING MALE THREADED ADAPTER (M.T.A
,,
US1288,1142925994102,REDUCING  FEMALE THREADED ADAPTER BRASSpng
US1289,1142932994103,REDUCING  FEMALE THREADED ADAPTER BRASSpng
US1299,1142932994104,REDUCING  FEMALE THREADED ADAPTER BRASSpng
,,
US2267,1115920999100,FAUCET VALVE_01
US2268,1115920999101,FAUCET VALVE_01
,,
US2239,1150925994101,NON RETURN VALVE
US2244,1150932994101,NON RETURN VALVE
,,
US1339,1137925994102,REDUCING MALE THREADED ADAPTER (M.T.A
,,
UH1177,1141990994100,MALE THREADED ADAPTER (M.T.A.) - BRASS INSERT
,,
US1556,1153940994101,TEE - THREADED
,,
UH1345,1155110994100,TANK NIPPLE
US1888,1155920994102,TANK NIPPLE
US1889,1155925994102,TANK NIPPLE
US1899,1155932994102,TANK NIPPLE
US2223,1155963994101,TANK NIPPLE
,,
US2224,1155920994103,HEX NIPPLE
US2225,1155925994103,HEX NIPPLE
US2226,1155932994103,HEX NIPPLE
US2227,1155940994103,HEX NIPPLE
US2228,1155950994103,HEX NIPPLE
US2229,1155963994102,HEX NIPPLE
,,
UH1346,1147975994100,UNION
UH1347,1147990994100,UNION
UH1348,1147110994100,UNION
,,
US2245,1132920994104,SWEEP BEND
US2246,1132925994104,SWEEP BEND
US2247,1132932994106,SWEEP BEND
US2248,1132940994104,SWEEP BEND
,,
US2249,1131920994102,CONVERTER COUPLER UPVC - AGRI
US2255,1131932994102,CONVERTER COUPLER UPVC - AGRI
,,
US2256,1131920994103,CONVERTER COUPLER UPVC - CPVC
US2257,1131925994102,CONVERTER COUPLER UPVC - CPVC
US2258,1131932994103,CONVERTER COUPLER UPVC - CPVC
US2259,1131940994102,CONVERTER COUPLER UPVC - CPVC
US2266,1131950994102,CONVERTER COUPLER UPVC - CPVC
,,
US2334,1151932994100,Y STRAINER
,,
IF1111,1423975991102,BEND 87.5° - PLAIN
IF1112,1423990991100,BEND 87.5° - PLAIN
IF1113,1423110991102,BEND 87.5° - PLAIN
IF1114,1423160991100,BEND 87.5° - PLAIN
,,
IF1115,1424975991100,BEND 87.5° - DOOR
IF1116,1424990991100,BEND 87.5° - DOOR
IF1117,1424110991100,BEND 87.5° - DOOR
IF1118,1424160991100,BEND 87.5° - DOOR
,,
IF1119,1423975991100,BEND 45° - PLAIN
IF1122,1423990991101,BEND 45° - PLAIN
IF1123,1423110991100,BEND 45° - PLAIN
IF1124,1423160991101,BEND 45° - PLAIN
,,
IF1125,1424110991101,BEND - SIDE DOOR LEFT HAND
,,
IF1126,1424110991102,BEND - SIDE DOOR RIGHT HAND
,,
IF1127,1418975991100,COUPLER 4
IF1128,1418990991100,COUPLER 4
IF1129,1418110991100,COUPLER 4
IF1133,1418160991100,COUPLER 4
,,
IF1134,1419990991100,REDUCER 3
IF1135,1419110991100,REDUCER 3
IF1136,1419110991101,REDUCER 3
IF1137,1419160991100,REDUCER 3
,,
IF1138,1420975991100,TEE - PLAIN 4
IF1139,1420990991100,TEE - PLAIN 4
IF1144,1420110991100,TEE - PLAIN 4
,,
IF1155,1421975991104,TEE - SIDE DOOR LEFT HAND
,,
IF1157,1421975991105,TEE - SIDE DOOR RIGHT HAND
IF1158,1421110991106,TEE - SIDE DOOR RIGHT HAND
,,
IF1178,1421110991107,REDUCING TEE - SIDE DOOR LEFT HAND
,,
IF1179,1421110991108,REDUCING TEE - SIDE DOOR RIGHT HAND
,,
IF1145,1420160991100,TEE - DOOR
IF1146,1421975991100,TEE - DOOR
IF1147,1421990991100,TEE - DOOR
IF1148,1421110991100,TEE - DOOR
IF1149,1421160991100,TEE - DOOR
,,
IF1156,1421110991105,TEE - SIDE DOOR LEFT HAND
,,
IF1159,1420990991102,REDUCING TEE - PLAIN
IF1166,1420110991102,REDUCING TEE - PLAIN
IF1167,1420160991101,REDUCING TEE - PLAIN
,,
IF1168,1421990991102,REDUCING TEE - DOOR
IF1169,1421110991102,REDUCING TEE - DOOR
IF1177,1421160991101,REDUCING TEE - DOOR
,,
IF1188,1420975991102,CROSS TEE - PLAIN
IF1189,1420990991101,CROSS TEE - PLAIN
IF1199,1420110991101,CROSS TEE - PLAIN
IF1222,1420160991102,CROSS TEE - PLAIN
IF1223,1421975991102,CROSS TEE - PLAIN
IF1224,1421990991101,CROSS TEE - PLAIN
IF1225,1421110991101,CROSS TEE - PLAIN
IF1226,1421160991102,CROSS TEE - PLAIN
,,
IF1227,1420975991103,SWEPT TEE - PLAIN
IF1228,1420110991103,SWEPT TEE - PLAIN
IF1229,1420160991103,SWEPT TEE - PLAIN
IF1233,1421975991103,SWEPT TEE - PLAIN
IF1234,1421110991103,SWEPT TEE - PLAIN
IF1235,1421160991105,SWEPT TEE - PLAIN
,,
IF1236,1420110991104,SWEPT REDUCING TEE - PLAIN
IF1237,1421110991104,SWEPT REDUCING TEE - PLAIN
,,
IF1238,1425975991100,SINGLE Y  - PLAIN
IF1239,1425990991100,SINGLE Y  - PLAIN
IF1244,1425110991100,SINGLE Y  - PLAIN
IF1245,1425160991101,SINGLE Y  - PLAIN
,,
IF1246,1426975991100,SINGLE Y  - DOOR
IF1247,1426990991100,SINGLE Y  - DOOR
IF1248,1426110991100,SINGLE Y  - DOOR
IF1249,1426160991101,SINGLE Y  - DOOR
,,
IF1257,1425975991101,DOUBLE Y - PLAIN
IF1258,1425990991101,DOUBLE Y - PLAIN
IF1259,1425110991101,DOUBLE Y - PLAIN
IF1266,1425160991102,DOUBLE Y - PLAIN
,,
IF1267,1426975991101,DOUBLE Y - DOOR
IF1268,1426990991101,DOUBLE Y - DOOR
IF1269,1426110991101,DOUBLE Y - DOOR
IF1277,1426160991102,DOUBLE Y - DOOR
,,
IF1255,1426110991103,DOUBLE Y SIDE DOOR LEFT HAND
,,
IF1256,1426110991104,DOUBLE Y SIDE DOOR RIGHT HAND
,,
IF1278,1425110991102,REDUCING Y - PLAIN
IF1279,1425160991100,REDUCING Y - PLAIN
,,
IF1288,1426110991102,REDUCING Y - DOOR
IF1289,1426160991100,REDUCING Y - DOOR
,,
SF1667,1422975991200,CLEANING PIPE 
SF1668,1422110991200,CLEANING PIPE 
SF1669,1422160991200,CLEANING PIPE 
,,
SF1111,1432950991100,BEND 87.5° - PLAIN
SF1112,1432963991100,BEND 87.5° - PLAIN
SF1113,1432975991100,BEND 87.5° - PLAIN
SF1114,1432990991100,BEND 87.5° - PLAIN
SF1115,1432110991100,BEND 87.5° - PLAIN
SF1116,1432160991100,BEND 87.5° - PLAIN
,,
SF1117,1412950991100,BEND 87.5° - DOOR
SF1118,1412963991100,BEND 87.5° - DOOR
SF1119,1412975991100,BEND 87.5° - DOOR
SF1122,1412990991100,BEND 87.5° - DOOR
SF1123,1412110991100,BEND 87.5° - DOOR
SF1124,1433160991100,BEND 87.5° - DOOR
,,
SF1125,1432940991200,BEND DOUBLE SOCKET - PLAIN
SF1126,1432950991200,BEND DOUBLE SOCKET - PLAIN
SF1127,1432963991200,BEND DOUBLE SOCKET - PLAIN
SF1128,1432975991200,BEND DOUBLE SOCKET - PLAIN
SF1129,1432990991200,BEND DOUBLE SOCKET - PLAIN
SF1133,1432110991200,BEND DOUBLE SOCKET - PLAIN
,,
SF1134,1412940991200,BEND DOUBLE SOCKET - DOOR
SF1135,1412963991110,BEND DOUBLE SOCKET - DOOR
SF1136,1412975991110,BEND DOUBLE SOCKET - DOOR
SF1137,1412990991110,BEND DOUBLE SOCKET - DOOR
SF1138,1412110991110,BEND DOUBLE SOCKET - DOOR
,,
SF1139,1432940991101,BEND 45° -  PLAIN
SF1144,1432950991101,BEND 45° -  PLAIN
SF1145,1432963991101,BEND 45° -  PLAIN
SF1146,1432975991101,BEND 45° -  PLAIN
SF1147,1432990991101,BEND 45° -  PLAIN
SF1148,1432110991101,BEND 45° -  PLAIN
SF1149,1432140991100,BEND 45° -  PLAIN
SF1155,1432160991101,BEND 45° -  PLAIN
,,
SF1157,1432110991102,BEND 45° -  DOUBLE SOCKET
SF1156,1432975991102,BEND 45° -  DOUBLE SOCKET
,,
SF1158,1411975991100,CLEANING PIPE 
SF1159,1411110991100,CLEANING PIPE 
SF1166,1411160991100,CLEANING PIPE 
,,
SF1167,1427963991100,COUPLER 5
SF1168,1427975991100,COUPLER 5
SF1169,1427990991100,COUPLER 5
SF1177,1427110991100,COUPLER 5
SF1178,1427160991100,COUPLER 5
,,
SF1179,1428110991101,REDUCER 4
SF1188,1428110991100,REDUCER 4
SF1189,1428160991100,REDUCER 4
,,
SF1199,1429950991100,TEE - PLAIN 
SF1222,1429963991100,TEE - PLAIN 
SF1223,1429975991100,TEE - PLAIN 
SF1224,1429990991100,TEE - PLAIN 
SF1225,1429110991100,TEE - PLAIN 
SF1226,1429160991100,TEE - PLAIN 
,,
SF1227,1410950991100,TEE - DOOR 
SF1228,1410963991100,TEE - DOOR 
SF1229,1410975991100,TEE - DOOR 
SF1233,1410990991100,TEE - DOOR 
SF1234,1410110991100,TEE - DOOR 
SF1235,1410160991100,TEE - DOOR 
,,
SF1236,1429940991200,TEE - PLAIN Double socket
SF1237,1429950991200,TEE - PLAIN Double socket
SF1238,1429963991200,TEE - PLAIN Double socket
SF1239,1429975991200,TEE - PLAIN Double socket
SF1244,1429990991200,TEE - PLAIN Double socket
SF1245,1429110991200,TEE - PLAIN Double socket
,,
SF1246,1410963991110,TEE - DOOR Double Socket
SF1247,1410975991110,TEE - DOOR Double Socket
SF1248,1410990991110,TEE - DOOR Double Socket
SF1249,1410110991110,TEE - DOOR Double Socket
,,
SF1255,1456990991100,REDUCING TEE - PLAIN 2
SF1256,1456110991100,REDUCING TEE - PLAIN 2
SF1257,1456160991100,REDUCING TEE - PLAIN 2
,,
SF1258,1410990991101,REDUCING TEE - DOOR 2
SF1259,1410110991101,REDUCING TEE - DOOR 2
SF1266,1455160991100,REDUCING TEE - DOOR 2
,,
SF1267,1429975991101,CROSS TEE - PLAIN 
SF1268,1429110991101,CROSS TEE - PLAIN 
,,
SF1269,1429975991102,SWEPT TEE - PLAIN 2
SF1277,1429110991102,SWEPT TEE - PLAIN 2
,,
SF1278,1410975991102,SWEPT TEE - DOOR 2
SF1279,1410110991102,SWEPT TEE - DOOR 2
,,
SF1288,1434963991100,SINGLE Y - PLAIN 
SF1289,1434975991100,SINGLE Y - PLAIN 
SF1299,1434990991100,SINGLE Y - PLAIN 
SF1333,1434110991100,SINGLE Y - PLAIN 
SF1334,1434160991100,SINGLE Y - PLAIN 
,,
SF1335,1413963991100,SINGLE Y - DOOR
SF1336,1413975991100,SINGLE Y - DOOR
SF1337,1413990991100,SINGLE Y - DOOR
SF1338,1413110991100,SINGLE Y - DOOR
SF1339,1413160991100,SINGLE Y - DOOR
,,
SF1344,1434950991100,EQUAL Y - PLAIN
SF1345,1413950991100,EQUAL Y - PLAIN
,,
SF1346,1434975991101,DOUBLE Y - PLAIN 2
SF1347,1434110991101,DOUBLE Y - PLAIN 2
SF1348,1413160991101,DOUBLE Y - PLAIN 2
,,
SF1349,1413160991102,DOUBLE Y - DOOR 2
,,
SF1355,1434110991102,REDUCING Y - PLAIN 2
SF1356,1434160991101,REDUCING Y - PLAIN 2
,,
SF1357,1413110991101,REDUCING Y - DOOR 2
SF1358,1413160991103,REDUCING Y - DOOR 2
,,
SF1359,1434975991102,REVERSE Y - PLAIN
,,
SF1366,1413975991101,REVERSE Y - DOOR
,,
SF1367,1457160991100,GULLY TRAP - SINGLE
,,
SF1368,1457160991101,GULLY TRAP - DOUBLE
,,
SF1369,1457110991100,SQUARE GULLY TRAP WITH JALI 
SF1377,1457110991101,SQUARE GULLY TRAP WITH JALI 
,,
SF1378,1416110991106,HEIGHT RISER 6
SF1379,1416110991107,HEIGHT RISER 6
,,
SF1388,1416110991100,MULTI FLOOR TRAP WITH JALI
SF1389,1416110991104,MULTI FLOOR TRAP WITH JALI
,,
SF1399,1416110991101,MULTI FLOOR TRAP WITHOUT JALI
SF1444,1416110991103,MULTI FLOOR TRAP WITHOUT JALI
,,
SF1445,1441110991101,MULTI FLOOR TRAP WITH  JALI
,,
SF1446,1416110991105,MULTI FLOOR TRAP 7_ HEIGHT
,,
SF1447,1453110991103,NAHANI TRAP W_O JALI SHORT
SF1448,1453110991102,NAHANI TRAP W_O JALI SHORT
SF1449,1453110991100,NAHANI TRAP W_O JALI SHORT
SF1455,1453110991101,NAHANI TRAP W_O JALI SHORT
,,
SF1456,1441110991100,NAHANI TRAP - JALI (Only JALI)
,,
SF1457,1416110991109,FLOOR TRAP
SF1458,1416110991108,FLOOR TRAP
,,
SF1459,1415975991100,P - TRAP
,,
SF1466,1415110991100,TRAP P (SHORT)
SF1467,1415125991100,TRAP P (SHORT)
,,
SF1468,1415125991101,Q - TRAP
SF1469,1415110991101,Q - TRAP
,,
SF1477,1415110991102,S - TRAP
SF1478,1415125991102,S - TRAP
,,
SF1479,1439975991100,PIPE CLIPS 4
SF1488,1439990991100,PIPE CLIPS 4
SF1489,1439110991100,PIPE CLIPS 4
SF1499,1439160991100,PIPE CLIPS 4
,,
SF1556,1438963991100,VENT COWL
SF1555,1438975991101,VENT COWL
SF1557,1438975991100,VENT COWL
SF1558,1438990991100,VENT COWL
SF1559,1438110991100,VENT COWL
SF1566,1438160991100,VENT COWL
,,
SF1567,1454160991100,REDUCING BUSH 2
,,
SF1568,1445110999100,WC CONNECTER
SF1569,1445110999101,WC CONNECTER
,,
SF1579,1440975991100,SOCKET PLUG
SF1588,1440110991100,SOCKET PLUG
,,
SF1577,1445125999100,WC CONNECTER - BEND
,,
SF1578,1445125999101,WC CONNECTOR - STRAIGHT
,,
SF1589,1436975991100,DOOR CAP
SF1599,1436110991100,DOOR CAP
SF1666,1436160991100,DOOR CAP
,,
SC1111,1610100999108,PVC-U AGRI SOLVENT CEMENT
SC1112,1610925999101,PVC-U AGRI SOLVENT CEMENT
SC1113,1610950999104,PVC-U AGRI SOLVENT CEMENT
SC1114,1610100999103,PVC-U AGRI SOLVENT CEMENT
SC1115,1610500999101,PVC-U AGRI SOLVENT CEMENT
,,
SC1116,1610250999101,PVC-U SOLVENT CEMENT - AGRI - FOR HIGHER DIAMETER
SC1117,1610500999102,PVC-U SOLVENT CEMENT - AGRI - FOR HIGHER DIAMETER
SC1118,1610100999104,PVC-U SOLVENT CEMENT - AGRI - FOR HIGHER DIAMETER
SC1119,1610500999103,PVC-U SOLVENT CEMENT - AGRI - FOR HIGHER DIAMETER
,,
SC1122,1610118999100,MEDIUM DUTY PVC-U SOLVENT CEMENT
SC1123,1610237999100,MEDIUM DUTY PVC-U SOLVENT CEMENT
SC1124,1610473999100,MEDIUM DUTY PVC-U SOLVENT CEMENT
,,
SC1125,1610118999101,HEAVY DUTY PVC-U SOLVENT CEMENT
SC1126,1610237999101,HEAVY DUTY PVC-U SOLVENT CEMENT
SC1127,1610473999101,HEAVY DUTY PVC-U SOLVENT CEMENT
,,
SC1128,1610959999200,CPVC SOLVENT CEMENT - YELLOW MEDIUM BODIED
SC1129,1610118999200,CPVC SOLVENT CEMENT - YELLOW MEDIUM BODIED
SC1133,1610237999200,CPVC SOLVENT CEMENT - YELLOW MEDIUM BODIED
SC1134,1610473999202,CPVC SOLVENT CEMENT - YELLOW MEDIUM BODIED
SC1135,1610946999200,CPVC SOLVENT CEMENT - YELLOW MEDIUM BODIED
,,
SC1136,1610118999201,CPVC SOLVENT CEMENT - ORANGE HEAVY BODIED
SC1137,1610237999201,CPVC SOLVENT CEMENT - ORANGE HEAVY BODIED
SC1138,1610473999201,CPVC SOLVENT CEMENT - ORANGE HEAVY BODIED
SC1139,1610946999201,CPVC SOLVENT CEMENT - ORANGE HEAVY BODIED
,,
SC1144,1610100999107,PVC-U SOLVENT CEMENT - SWR
SC1145,1610250999105,PVC-U SOLVENT CEMENT - SWR
SC1146,1610500999105,PVC-U SOLVENT CEMENT - SWR
SC1147,1610100999106,PVC-U SOLVENT CEMENT - SWR
,,
SC1148,1610237999202,PRIMER
,,
SC1155,1611950999100,RUBBER LUBRICANT
SC1156,1611100999101,RUBBER LUBRICANT
SC1157,1611250999101,RUBBER LUBRICANT
SC1158,1611500999100,RUBBER LUBRICANT
SC1159,1611100999102,RUBBER LUBRICANT
